obs,period,time,T_01,T_02,T_03,T_04,T_05,T_06,T_07,T_08,T_09,T_10,T_11,T_12,prec,A_init,W_init,E_init,N_init,H_init,A_in,W_in,E_in,N_in,H_in,size,A_obs,W_obs,E_obs,N_obs,A_unc,W_unc,E_unc,N_unc
4,1,0.9424657534246575,-7.3,-6.6,-3.1,2.5,8.6,13,15.5,13.8,9.1,3.7,-0.8,-4.1,671,565,92,120,223,0,0,0,0,0,0,0,387.07199999999995,45.35999999999999,71.82,251.74799999999996,30.239999999999995,7.559999999999999,15.119999999999997,30.239999999999995
5,1,1.0301369863013699,-7.3,-6.6,-3.1,2.5,8.6,13,15.5,13.8,9.1,3.7,-0.8,-4.1,671,565,92,120,223,0,0,0,0,0,0,0,362.77299999999997,41.439,60.341,262.447,29.08,7.27,14.54,29.08
6,1,1.3424657534246576,-7.3,-6.6,-3.1,2.5,8.6,13,15.5,13.8,9.1,3.7,-0.8,-4.1,671,565,92,120,223,0,0,0,0,0,0,0,313.141,29.578,55.298,244.983,25.72,6.43,12.86,25.72
7,1,1.4931506849315068,-7.3,-6.6,-3.1,2.5,8.6,13,15.5,13.8,9.1,3.7,-0.8,-4.1,671,565,92,120,223,0,0,0,0,0,0,0,253.896,27.831999999999997,49.983999999999995,236.28799999999998,22.72,5.68,11.36,22.72
8,1,1.9917808219178081,-7.3,-6.6,-3.1,2.5,8.6,13,15.5,13.8,9.1,3.7,-0.8,-4.1,671,565,92,120,223,0,0,0,0,0,0,0,244.64000000000001,27.800000000000004,46.70400000000001,236.85600000000002,22.240000000000002,5.5600000000000005,11.120000000000001,22.240000000000002
9,1,2.010958904109589,-7.3,-6.6,-3.1,2.5,8.6,13,15.5,13.8,9.1,3.7,-0.8,-4.1,671,565,92,120,223,0,0,0,0,0,0,0,229.80800000000002,31.978,50.406000000000006,229.80800000000002,21.68,5.42,10.84,21.68
10,1,2.317808219178082,-7.3,-6.6,-3.1,2.5,8.6,13,15.5,13.8,9.1,3.7,-0.8,-4.1,671,565,92,120,223,0,0,0,0,0,0,0,205.936,26.84,46.848,208.376,19.52,4.88,9.76,19.52
11,1,2.5287671232876714,-7.3,-6.6,-3.1,2.5,8.6,13,15.5,13.8,9.1,3.7,-0.8,-4.1,671,565,92,120,223,0,0,0,0,0,0,0,184.756,17.238,35.36,204.64600000000002,17.68,4.42,8.84,17.68
13,1,3.367123287671233,-7.3,-6.6,-3.1,2.5,8.6,13,15.5,13.8,9.1,3.7,-0.8,-4.1,671,565,92,120,223,0,0,0,0,0,0,0,145.78,21.09,35.15,167.98,14.8,3.7,7.4,14.8
14,1,3.4904109589041097,-7.3,-6.6,-3.1,2.5,8.6,13,15.5,13.8,9.1,3.7,-0.8,-4.1,671,565,92,120,223,0,0,0,0,0,0,0,145.88600000000002,16.290000000000003,39.458000000000006,160.366,14.480000000000002,3.6200000000000006,7.240000000000001,14.480000000000002
15,1,4.057534246575343,-7.3,-6.6,-3.1,2.5,8.6,13,15.5,13.8,9.1,3.7,-0.8,-4.1,671,565,92,120,223,0,0,0,0,0,0,0,129.645,18.09,33.165,154.10000000000002,13.4,3.35,6.7,13.4
16,1,4.3342465753424655,-7.3,-6.6,-3.1,2.5,8.6,13,15.5,13.8,9.1,3.7,-0.8,-4.1,671,565,92,120,223,0,0,0,0,0,0,0,105.99600000000001,16.352000000000004,29.200000000000003,140.45200000000003,11.680000000000001,2.9200000000000004,5.840000000000001,11.680000000000001
17,1,4.46027397260274,-7.3,-6.6,-3.1,2.5,8.6,13,15.5,13.8,9.1,3.7,-0.8,-4.1,671,565,92,120,223,0,0,0,0,0,0,0,110.96799999999998,6.291999999999998,34.03399999999999,134.70599999999996,11.439999999999998,2.8599999999999994,5.719999999999999,11.439999999999998
18,1,5.035616438356165,-7.3,-6.6,-3.1,2.5,8.6,13,15.5,13.8,9.1,3.7,-0.8,-4.1,671,565,92,120,223,0,0,0,0,0,0,0,92,7.5,33,117.5,10,2.5,5,10
19,1,5.421917808219178,-7.3,-6.6,-3.1,2.5,8.6,13,15.5,13.8,9.1,3.7,-0.8,-4.1,671,565,92,120,223,0,0,0,0,0,0,0,84.27200000000002,7.786000000000002,28.85400000000001,108.08800000000004,9.160000000000002,2.2900000000000005,4.580000000000001,9.160000000000002
21,2,0.589041095890411,-7.3,-6.6,-3.1,2.5,8.6,13,15.5,13.8,9.1,3.7,-0.8,-4.1,671,495,145,84,276,0,0,0,0,0,0,0,434.544,52.672,46.087999999999994,289.69599999999997,32.92,8.23,16.46,32.92
22,2,0.8876712328767123,-7.3,-6.6,-3.1,2.5,8.6,13,15.5,13.8,9.1,3.7,-0.8,-4.1,671,495,145,84,276,0,0,0,0,0,0,0,408.044,39.884,44.486000000000004,274.586,30.68,7.67,15.34,30.68
23,2,1.0136986301369864,-7.3,-6.6,-3.1,2.5,8.6,13,15.5,13.8,9.1,3.7,-0.8,-4.1,671,495,145,84,276,0,0,0,0,0,0,0,379.822,38.054,50.26,249.86399999999998,28.72,7.18,14.36,28.72
24,2,1.515068493150685,-7.3,-6.6,-3.1,2.5,8.6,13,15.5,13.8,9.1,3.7,-0.8,-4.1,671,495,145,84,276,0,0,0,0,0,0,0,355.272,39.324,43.391999999999996,240.01199999999997,27.119999999999997,6.779999999999999,13.559999999999999,27.119999999999997
25,2,2.052054794520548,-7.3,-6.6,-3.1,2.5,8.6,13,15.5,13.8,9.1,3.7,-0.8,-4.1,671,495,145,84,276,0,0,0,0,0,0,0,289.432,26.312000000000005,41.75600000000001,214.50000000000003,22.880000000000003,5.720000000000001,11.440000000000001,22.880000000000003
26,2,3.0136986301369864,-7.3,-6.6,-3.1,2.5,8.6,13,15.5,13.8,9.1,3.7,-0.8,-4.1,671,495,145,84,276,0,0,0,0,0,0,0,177.656,25.558999999999997,38.967,176.81799999999998,16.759999999999998,4.1899999999999995,8.379999999999999,16.759999999999998
28,3,0.5013698630136987,-7.3,-6.6,-3.1,2.5,8.6,13,15.5,13.8,9.1,3.7,-0.8,-4.1,671,483,172,107,238,0,0,0,0,0,0,0,500.68800000000005,54.72,65.664,290.928,36.480000000000004,9.120000000000001,18.240000000000002,36.480000000000004
29,3,0.6931506849315069,-7.3,-6.6,-3.1,2.5,8.6,13,15.5,13.8,9.1,3.7,-0.8,-4.1,671,483,172,107,238,0,0,0,0,0,0,0,490.257,44.65,64.296,293.797,35.72,8.93,17.86,35.72
30,3,0.8273972602739726,-7.3,-6.6,-3.1,2.5,8.6,13,15.5,13.8,9.1,3.7,-0.8,-4.1,671,483,172,107,238,0,0,0,0,0,0,0,469.752,44.251999999999995,57.016999999999996,279.979,34.04,8.51,17.02,34.04
31,3,1.0383561643835617,-7.3,-6.6,-3.1,2.5,8.6,13,15.5,13.8,9.1,3.7,-0.8,-4.1,671,483,172,107,238,0,0,0,0,0,0,0,439.473,37.872,44.973,266.682,31.560000000000002,7.890000000000001,15.780000000000001,31.560000000000002
32,3,1.5945205479452054,-7.3,-6.6,-3.1,2.5,8.6,13,15.5,13.8,9.1,3.7,-0.8,-4.1,671,483,172,107,238,0,0,0,0,0,0,0,347.295,54.115,52.06,231.53000000000003,27.400000000000002,6.8500000000000005,13.700000000000001,27.400000000000002
33,3,2,-7.3,-6.6,-3.1,2.5,8.6,13,15.5,13.8,9.1,3.7,-0.8,-4.1,671,483,172,107,238,0,0,0,0,0,0,0,249.75000000000003,34.965,53.28,217.00500000000002,22.200000000000003,5.550000000000001,11.100000000000001,22.200000000000003
36,4,0.8356164383561644,-7.3,-6.6,-3.1,2.5,8.6,13,15.5,13.8,9.1,3.7,-0.8,-4.1,671,535,151,89,225,0,0,0,0,0,0,0,402.192,79.184,61.152,241.472,31.36,7.84,15.68,31.36
37,4,0.958904109589041,-7.3,-6.6,-3.1,2.5,8.6,13,15.5,13.8,9.1,3.7,-0.8,-4.1,671,535,151,89,225,0,0,0,0,0,0,0,369.705,63.21,64.67999999999999,237.405,29.4,7.35,14.7,29.4
38,4,1.526027397260274,-7.3,-6.6,-3.1,2.5,8.6,13,15.5,13.8,9.1,3.7,-0.8,-4.1,671,535,151,89,225,0,0,0,0,0,0,0,318.5,47.45,43.550000000000004,240.5,26,6.5,13,26
39,4,1.8027397260273972,-7.3,-6.6,-3.1,2.5,8.6,13,15.5,13.8,9.1,3.7,-0.8,-4.1,671,535,151,89,225,0,0,0,0,0,0,0,239.03,29.150000000000002,39.75,222.07000000000002,21.200000000000003,5.300000000000001,10.600000000000001,21.200000000000003
40,4,1.9287671232876713,-7.3,-6.6,-3.1,2.5,8.6,13,15.5,13.8,9.1,3.7,-0.8,-4.1,671,535,151,89,225,0,0,0,0,0,0,0,227.841,22.836000000000002,52.938,215.38500000000002,20.76,5.19,10.38,20.76
41,4,2.547945205479452,-7.3,-6.6,-3.1,2.5,8.6,13,15.5,13.8,9.1,3.7,-0.8,-4.1,671,535,151,89,225,0,0,0,0,0,0,0,201.92399999999998,20.381999999999998,43.608,208.08599999999998,18.96,4.74,9.48,18.96
42,4,2.989041095890411,-7.3,-6.6,-3.1,2.5,8.6,13,15.5,13.8,9.1,3.7,-0.8,-4.1,671,535,151,89,225,0,0,0,0,0,0,0,163.608,14.837000000000002,45.313,177.24200000000002,16.04,4.01,8.02,16.04
43,4,3.96986301369863,-7.3,-6.6,-3.1,2.5,8.6,13,15.5,13.8,9.1,3.7,-0.8,-4.1,671,535,151,89,225,0,0,0,0,0,0,0,122.2,12.35,33.800000000000004,156.65,13,3.25,6.5,13
45,5,0.5671232876712329,-7.3,-6.6,-3.1,2.5,8.6,13,15.5,13.8,9.1,3.7,-0.8,-4.1,671,473,202,101,224,0,0,0,0,0,0,0,427.137,51.025999999999996,74.893,269.94399999999996,32.92,8.23,16.46,32.92
46,5,0.8438356164383561,-7.3,-6.6,-3.1,2.5,8.6,13,15.5,13.8,9.1,3.7,-0.8,-4.1,671,473,202,101,224,0,0,0,0,0,0,0,383.838,38.532,60.762,257.868,29.64,7.41,14.82,29.64
47,5,0.9698630136986301,-7.3,-6.6,-3.1,2.5,8.6,13,15.5,13.8,9.1,3.7,-0.8,-4.1,671,473,202,101,224,0,0,0,0,0,0,0,355.524,31.694000000000003,52.364000000000004,249.418,27.560000000000002,6.890000000000001,13.780000000000001,27.560000000000002
48,5,2.03013698630137,-7.3,-6.6,-3.1,2.5,8.6,13,15.5,13.8,9.1,3.7,-0.8,-4.1,671,473,202,101,224,0,0,0,0,0,0,0,229.82999999999998,19.74,46.059999999999995,174.36999999999998,18.799999999999997,4.699999999999999,9.399999999999999,18.799999999999997
49,5,3.010958904109589,-7.3,-6.6,-3.1,2.5,8.6,13,15.5,13.8,9.1,3.7,-0.8,-4.1,671,473,202,101,224,0,0,0,0,0,0,0,143.09,16.752000000000002,35.249,153.90900000000002,13.96,3.49,6.98,13.96
51,6,0.5671232876712329,-7.3,-6.6,-3.1,2.5,8.6,13,15.5,13.8,9.1,3.7,-0.8,-4.1,671,360,321,56,263,0,0,0,0,0,0,0,285.57199999999995,37.50599999999999,32.242,302.67999999999995,26.319999999999997,6.579999999999999,13.159999999999998,26.319999999999997
52,6,0.8438356164383561,-7.3,-6.6,-3.1,2.5,8.6,13,15.5,13.8,9.1,3.7,-0.8,-4.1,671,360,321,56,263,0,0,0,0,0,0,0,262.2,24,25.8,288,24,6,12,24
53,6,0.9698630136986301,-7.3,-6.6,-3.1,2.5,8.6,13,15.5,13.8,9.1,3.7,-0.8,-4.1,671,360,321,56,263,0,0,0,0,0,0,0,250.79999999999998,23.369999999999997,21.09,274.73999999999995,22.799999999999997,5.699999999999999,11.399999999999999,22.799999999999997
54,6,1.5890410958904109,-7.3,-6.6,-3.1,2.5,8.6,13,15.5,13.8,9.1,3.7,-0.8,-4.1,671,360,321,56,263,0,0,0,0,0,0,0,239.12000000000003,20.160000000000004,14.000000000000002,286.72,22.400000000000002,5.6000000000000005,11.200000000000001,22.400000000000002
55,6,1.841095890410959,-7.3,-6.6,-3.1,2.5,8.6,13,15.5,13.8,9.1,3.7,-0.8,-4.1,671,360,321,56,263,0,0,0,0,0,0,0,224.64000000000001,26.52,9.88,258.96000000000004,20.8,5.2,10.4,20.8
56,6,2.03013698630137,-7.3,-6.6,-3.1,2.5,8.6,13,15.5,13.8,9.1,3.7,-0.8,-4.1,671,360,321,56,263,0,0,0,0,0,0,0,213.256,17.08,16.104,241.56,19.52,4.88,9.76,19.52
57,6,2.5671232876712327,-7.3,-6.6,-3.1,2.5,8.6,13,15.5,13.8,9.1,3.7,-0.8,-4.1,671,360,321,56,263,0,0,0,0,0,0,0,179.112,23.267,16.243,220.37800000000001,17.56,4.39,8.78,17.56
58,6,2.8493150684931505,-7.3,-6.6,-3.1,2.5,8.6,13,15.5,13.8,9.1,3.7,-0.8,-4.1,671,360,321,56,263,0,0,0,0,0,0,0,161.986,17.91,19.104,198.99999999999997,15.919999999999998,3.9799999999999995,7.959999999999999,15.919999999999998
59,6,3.010958904109589,-7.3,-6.6,-3.1,2.5,8.6,13,15.5,13.8,9.1,3.7,-0.8,-4.1,671,360,321,56,263,0,0,0,0,0,0,0,153.55,13.69,14.8,187.96,14.8,3.7,7.4,14.8
60,6,3.5726027397260274,-7.3,-6.6,-3.1,2.5,8.6,13,15.5,13.8,9.1,3.7,-0.8,-4.1,671,360,321,56,263,0,0,0,0,0,0,0,155.66000000000003,14.118000000000002,9.05,183.17200000000003,14.480000000000002,3.6200000000000006,7.240000000000001,14.480000000000002
61,6,4,-7.3,-6.6,-3.1,2.5,8.6,13,15.5,13.8,9.1,3.7,-0.8,-4.1,671,360,321,56,263,0,0,0,0,0,0,0,144.97399999999996,13.839999999999996,12.109999999999998,175.07599999999996,13.839999999999996,3.459999999999999,6.919999999999998,13.839999999999996
63,7,0.9835616438356164,-7.3,-6.6,-3.1,2.5,8.6,13,15.5,13.8,9.1,3.7,-0.8,-4.1,671,483,164,96,257,0,0,0,0,0,0,0,352.026,56.088,61.254,268.632,29.52,7.38,14.76,29.52
64,7,1.9643835616438357,-7.3,-6.6,-3.1,2.5,8.6,13,15.5,13.8,9.1,3.7,-0.8,-4.1,671,483,164,96,257,0,0,0,0,0,0,0,220.472,44.196,26.416,216.916,20.32,5.08,10.16,20.32
66,8,0.5780821917808219,-7.3,-6.6,-3.1,2.5,8.6,13,15.5,13.8,9.1,3.7,-0.8,-4.1,671,472,180,102,246,0,0,0,0,0,0,0,368.775,48.675,95.69999999999999,311.84999999999997,33,8.25,16.5,33
67,8,1.0246575342465754,-7.3,-6.6,-3.1,2.5,8.6,13,15.5,13.8,9.1,3.7,-0.8,-4.1,671,472,180,102,246,0,0,0,0,0,0,0,363.15500000000003,36.995,61.155,293.695,30.2,7.55,15.1,30.2
68,8,1.5780821917808219,-7.3,-6.6,-3.1,2.5,8.6,13,15.5,13.8,9.1,3.7,-0.8,-4.1,671,472,180,102,246,0,0,0,0,0,0,0,280.98400000000004,38.192,69.56400000000001,293.26000000000005,27.28,6.82,13.64,27.28
69,8,2.0027397260273974,-7.3,-6.6,-3.1,2.5,8.6,13,15.5,13.8,9.1,3.7,-0.8,-4.1,671,472,180,102,246,0,0,0,0,0,0,0,252.10799999999998,39.931999999999995,52.448,251.512,23.84,5.96,11.92,23.84
71,9,0.4438356164383562,-7.3,-6.6,-3.1,2.5,8.6,13,15.5,13.8,9.1,3.7,-0.8,-4.1,671,488,129,95,288,0,0,0,0,0,0,0,376.508,42.983999999999995,70.844,305.664,31.839999999999996,7.959999999999999,15.919999999999998,31.839999999999996
72,9,0.9972602739726028,-7.3,-6.6,-3.1,2.5,8.6,13,15.5,13.8,9.1,3.7,-0.8,-4.1,671,488,129,95,288,0,0,0,0,0,0,0,293.34400000000005,48.416000000000004,67.64,302.6,28.480000000000004,7.120000000000001,14.240000000000002,28.480000000000004
73,9,1.4219178082191781,-7.3,-6.6,-3.1,2.5,8.6,13,15.5,13.8,9.1,3.7,-0.8,-4.1,671,488,129,95,288,0,0,0,0,0,0,0,249.268,36.403,61.7,269.629,24.68,6.17,12.34,24.68
74,9,1.989041095890411,-7.3,-6.6,-3.1,2.5,8.6,13,15.5,13.8,9.1,3.7,-0.8,-4.1,671,488,129,95,288,0,0,0,0,0,0,0,287.71200000000005,26.048000000000002,62.16000000000001,216.08000000000004,23.680000000000003,5.920000000000001,11.840000000000002,23.680000000000003
75,9,2.4328767123287673,-7.3,-6.6,-3.1,2.5,8.6,13,15.5,13.8,9.1,3.7,-0.8,-4.1,671,488,129,95,288,0,0,0,0,0,0,0,275.77,19.734,47.058,163.438,20.240000000000002,5.0600000000000005,10.120000000000001,20.240000000000002
77,10,0.6383561643835617,-7.3,-6.6,-3.1,2.5,8.6,13,15.5,13.8,9.1,3.7,-0.8,-4.1,671,488,129,95,288,0,0,0,0,0,0,0,348.3,47.988,80.49600000000001,297.216,30.96,7.74,15.48,30.96
78,10,1,-7.3,-6.6,-3.1,2.5,8.6,13,15.5,13.8,9.1,3.7,-0.8,-4.1,671,488,129,95,288,0,0,0,0,0,0,0,290.786,41.64,70.09400000000001,291.48,27.76,6.94,13.88,27.76
79,10,1.63013698630137,-7.3,-6.6,-3.1,2.5,8.6,13,15.5,13.8,9.1,3.7,-0.8,-4.1,671,488,129,95,288,0,0,0,0,0,0,0,240.19799999999998,27.692,58.995999999999995,275.114,24.08,6.02,12.04,24.08
80,10,2.0027397260273974,-7.3,-6.6,-3.1,2.5,8.6,13,15.5,13.8,9.1,3.7,-0.8,-4.1,671,488,129,95,288,0,0,0,0,0,0,0,211.60000000000002,25.921000000000003,47.081,244.39800000000002,21.16,5.29,10.58,21.16
81,10,2.6301369863013697,-7.3,-6.6,-3.1,2.5,8.6,13,15.5,13.8,9.1,3.7,-0.8,-4.1,671,488,129,95,288,0,0,0,0,0,0,0,181.92499999999998,25.65,54.625,212.79999999999998,19,4.75,9.5,19
82,10,3.032876712328767,-7.3,-6.6,-3.1,2.5,8.6,13,15.5,13.8,9.1,3.7,-0.8,-4.1,671,488,129,95,288,0,0,0,0,0,0,0,150.8,19.6,44,185.60000000000002,16,4,8,16
83,10,3.6465753424657534,-7.3,-6.6,-3.1,2.5,8.6,13,15.5,13.8,9.1,3.7,-0.8,-4.1,671,488,129,95,288,0,0,0,0,0,0,0,130.272,16.192,40.112,181.424,14.719999999999999,3.6799999999999997,7.359999999999999,14.719999999999999
85,11,0.5589041095890411,-7.3,-6.6,-3.1,2.5,8.6,13,15.5,13.8,9.1,3.7,-0.8,-4.1,671,492,164,113,231,0,0,0,0,0,0,0,432.12800000000004,54.86000000000001,77.64800000000001,279.36400000000003,33.760000000000005,8.440000000000001,16.880000000000003,33.760000000000005
86,11,0.7835616438356164,-7.3,-6.6,-3.1,2.5,8.6,13,15.5,13.8,9.1,3.7,-0.8,-4.1,671,492,164,113,231,0,0,0,0,0,0,0,408.17599999999993,45.007999999999996,76.824,245.99199999999996,31.039999999999996,7.759999999999999,15.519999999999998,31.039999999999996
87,11,0.9835616438356164,-7.3,-6.6,-3.1,2.5,8.6,13,15.5,13.8,9.1,3.7,-0.8,-4.1,671,492,164,113,231,0,0,0,0,0,0,0,351.902,42.760999999999996,72.904,233.433,28.04,7.01,14.02,28.04
88,11,1.5534246575342465,-7.3,-6.6,-3.1,2.5,8.6,13,15.5,13.8,9.1,3.7,-0.8,-4.1,671,492,164,113,231,0,0,0,0,0,0,0,289.665,38.13,66.42,220.785,24.6,6.15,12.3,24.6
89,11,1.821917808219178,-7.3,-6.6,-3.1,2.5,8.6,13,15.5,13.8,9.1,3.7,-0.8,-4.1,671,492,164,113,231,0,0,0,0,0,0,0,247.52,31.008000000000003,59.84,205.632,21.76,5.44,10.88,21.76
90,11,1.9945205479452055,-7.3,-6.6,-3.1,2.5,8.6,13,15.5,13.8,9.1,3.7,-0.8,-4.1,671,492,164,113,231,0,0,0,0,0,0,0,232.05,30.975,60.900000000000006,201.07500000000002,21,5.25,10.5,21
91,11,2.5506849315068494,-7.3,-6.6,-3.1,2.5,8.6,13,15.5,13.8,9.1,3.7,-0.8,-4.1,671,492,164,113,231,0,0,0,0,0,0,0,202.878,21.572999999999997,48.19499999999999,186.35399999999998,18.36,4.59,9.18,18.36
92,11,2.797260273972603,-7.3,-6.6,-3.1,2.5,8.6,13,15.5,13.8,9.1,3.7,-0.8,-4.1,671,492,164,113,231,0,0,0,0,0,0,0,179.71200000000002,24.544,42.016000000000005,169.728,16.64,4.16,8.32,16.64
93,11,2.9506849315068493,-7.3,-6.6,-3.1,2.5,8.6,13,15.5,13.8,9.1,3.7,-0.8,-4.1,671,492,164,113,231,0,0,0,0,0,0,0,159.375,18,37.5,160.125,15,3.75,7.5,15
94,11,3.5671232876712327,-7.3,-6.6,-3.1,2.5,8.6,13,15.5,13.8,9.1,3.7,-0.8,-4.1,671,492,164,113,231,0,0,0,0,0,0,0,136.68,14.280000000000001,36.38,152.66000000000003,13.600000000000001,3.4000000000000004,6.800000000000001,13.600000000000001
95,11,3.8164383561643835,-7.3,-6.6,-3.1,2.5,8.6,13,15.5,13.8,9.1,3.7,-0.8,-4.1,671,492,164,113,231,0,0,0,0,0,0,0,131.70399999999998,14.995999999999999,38.467999999999996,140.832,13.04,3.26,6.52,13.04
97,12,0.5589041095890411,-7.3,-6.6,-3.1,2.5,8.6,13,15.5,13.8,9.1,3.7,-0.8,-4.1,671,399,222,57,322,0,0,0,0,0,0,0,312.31199999999995,27.04,27.715999999999998,308.93199999999996,27.04,6.76,13.52,27.04
98,12,0.7835616438356164,-7.3,-6.6,-3.1,2.5,8.6,13,15.5,13.8,9.1,3.7,-0.8,-4.1,671,399,222,57,322,0,0,0,0,0,0,0,299.854,21.284,25.666,279.196,25.04,6.26,12.52,25.04
99,12,0.9835616438356164,-7.3,-6.6,-3.1,2.5,8.6,13,15.5,13.8,9.1,3.7,-0.8,-4.1,671,399,222,57,322,0,0,0,0,0,0,0,289.884,20.097,26.796,272.223,24.36,6.09,12.18,24.36
100,12,1.5534246575342465,-7.3,-6.6,-3.1,2.5,8.6,13,15.5,13.8,9.1,3.7,-0.8,-4.1,671,399,222,57,322,0,0,0,0,0,0,0,266.30999999999995,19.906,11.297999999999998,240.48599999999996,21.519999999999996,5.379999999999999,10.759999999999998,21.519999999999996
101,12,1.821917808219178,-7.3,-6.6,-3.1,2.5,8.6,13,15.5,13.8,9.1,3.7,-0.8,-4.1,671,399,222,57,322,0,0,0,0,0,0,0,264.052,23.144000000000002,9.994,228.81,21.04,5.26,10.52,21.04
102,12,1.9945205479452055,-7.3,-6.6,-3.1,2.5,8.6,13,15.5,13.8,9.1,3.7,-0.8,-4.1,671,399,222,57,322,0,0,0,0,0,0,0,250.29000000000002,21.63,15.965,227.115,20.6,5.15,10.3,20.6
103,12,2.5506849315068494,-7.3,-6.6,-3.1,2.5,8.6,13,15.5,13.8,9.1,3.7,-0.8,-4.1,671,399,222,57,322,0,0,0,0,0,0,0,257.895,17.714000000000002,14.067,231.324,20.84,5.21,10.42,20.84
104,12,2.797260273972603,-7.3,-6.6,-3.1,2.5,8.6,13,15.5,13.8,9.1,3.7,-0.8,-4.1,671,399,222,57,322,0,0,0,0,0,0,0,238.592,16.310000000000002,6.99,204.108,18.64,4.66,9.32,18.64
105,12,2.9506849315068493,-7.3,-6.6,-3.1,2.5,8.6,13,15.5,13.8,9.1,3.7,-0.8,-4.1,671,399,222,57,322,0,0,0,0,0,0,0,228.26000000000002,18.532,9.040000000000001,196.168,18.080000000000002,4.5200000000000005,9.040000000000001,18.080000000000002
106,12,3.5671232876712327,-7.3,-6.6,-3.1,2.5,8.6,13,15.5,13.8,9.1,3.7,-0.8,-4.1,671,399,222,57,322,0,0,0,0,0,0,0,217,14.756,9.114,193.13,17.36,4.34,8.68,17.36
107,12,3.8164383561643835,-7.3,-6.6,-3.1,2.5,8.6,13,15.5,13.8,9.1,3.7,-0.8,-4.1,671,399,222,57,322,0,0,0,0,0,0,0,200.4,10.4,12,177.20000000000002,16,4,8,16
108,12,3.967123287671233,-7.3,-6.6,-3.1,2.5,8.6,13,15.5,13.8,9.1,3.7,-0.8,-4.1,671,399,222,57,322,0,0,0,0,0,0,0,176.85999999999999,14.43,11.1,167.60999999999999,14.8,3.7,7.4,14.8
110,13,0.5753424657534246,-7.3,-6.6,-3.1,2.5,8.6,13,15.5,13.8,9.1,3.7,-0.8,-4.1,671,481,178,112,229,0,0,0,0,0,0,0,452.228,55.552,90.272,269.948,34.72,8.68,17.36,34.72
111,13,1.010958904109589,-7.3,-6.6,-3.1,2.5,8.6,13,15.5,13.8,9.1,3.7,-0.8,-4.1,671,481,178,112,229,0,0,0,0,0,0,0,353.28,39.33,55.88999999999999,241.49999999999997,27.599999999999998,6.8999999999999995,13.799999999999999,27.599999999999998
112,13,1.5643835616438355,-7.3,-6.6,-3.1,2.5,8.6,13,15.5,13.8,9.1,3.7,-0.8,-4.1,671,481,178,112,229,0,0,0,0,0,0,0,290,46.875,72.5,215.625,25,6.25,12.5,25
113,13,1.8136986301369864,-7.3,-6.6,-3.1,2.5,8.6,13,15.5,13.8,9.1,3.7,-0.8,-4.1,671,481,178,112,229,0,0,0,0,0,0,0,243.17599999999996,33.355999999999995,59.17999999999999,202.28799999999998,21.519999999999996,5.379999999999999,10.759999999999998,21.519999999999996
114,13,1.9671232876712328,-7.3,-6.6,-3.1,2.5,8.6,13,15.5,13.8,9.1,3.7,-0.8,-4.1,671,481,178,112,229,0,0,0,0,0,0,0,221.88400000000001,30.12,55.722,194.274,20.08,5.02,10.04,20.08
115,13,2.5835616438356164,-7.3,-6.6,-3.1,2.5,8.6,13,15.5,13.8,9.1,3.7,-0.8,-4.1,671,481,178,112,229,0,0,0,0,0,0,0,185.288,27.094000000000005,50.25500000000001,174.36300000000003,17.480000000000004,4.370000000000001,8.740000000000002,17.480000000000004
116,13,2.8328767123287673,-7.3,-6.6,-3.1,2.5,8.6,13,15.5,13.8,9.1,3.7,-0.8,-4.1,671,481,178,112,229,0,0,0,0,0,0,0,163.09499999999997,23.186999999999998,42.836999999999996,163.88099999999997,15.719999999999999,3.9299999999999997,7.859999999999999,15.719999999999999
117,13,2.9835616438356163,-7.3,-6.6,-3.1,2.5,8.6,13,15.5,13.8,9.1,3.7,-0.8,-4.1,671,481,178,112,229,0,0,0,0,0,0,0,164.41,20.05,42.907000000000004,173.633,16.04,4.01,8.02,16.04
118,13,3.580821917808219,-7.3,-6.6,-3.1,2.5,8.6,13,15.5,13.8,9.1,3.7,-0.8,-4.1,671,481,178,112,229,0,0,0,0,0,0,0,121.60000000000002,14.592000000000002,31.008000000000006,136.8,12.160000000000002,3.0400000000000005,6.080000000000001,12.160000000000002
121,14,0.4383561643835616,-7.3,-6.6,-3.1,2.5,8.6,13,15.5,13.8,9.1,3.7,-0.8,-4.1,671,481,178,112,229,0,0,0,0,0,0,0,388.112,56.536,77.928,241.424,30.560000000000002,7.640000000000001,15.280000000000001,30.560000000000002
122,14,0.9917808219178083,-7.3,-6.6,-3.1,2.5,8.6,13,15.5,13.8,9.1,3.7,-0.8,-4.1,671,481,178,112,229,0,0,0,0,0,0,0,304.52000000000004,57.594,82.75,217.13600000000002,26.48,6.62,13.24,26.48
123,14,1.2410958904109588,-7.3,-6.6,-3.1,2.5,8.6,13,15.5,13.8,9.1,3.7,-0.8,-4.1,671,481,178,112,229,0,0,0,0,0,0,0,264.614,38.458,66.58399999999999,204.344,22.959999999999997,5.739999999999999,11.479999999999999,22.959999999999997
124,14,1.3945205479452054,-7.3,-6.6,-3.1,2.5,8.6,13,15.5,13.8,9.1,3.7,-0.8,-4.1,671,481,178,112,229,0,0,0,0,0,0,0,220.616,34.408,61.732,189.244,20.240000000000002,5.0600000000000005,10.120000000000001,20.240000000000002
126,14,2.26027397260274,-7.3,-6.6,-3.1,2.5,8.6,13,15.5,13.8,9.1,3.7,-0.8,-4.1,671,481,178,112,229,0,0,0,0,0,0,0,166.41500000000002,21.654,46.917,166.014,16.04,4.01,8.02,16.04
127,14,2.410958904109589,-7.3,-6.6,-3.1,2.5,8.6,13,15.5,13.8,9.1,3.7,-0.8,-4.1,671,481,178,112,229,0,0,0,0,0,0,0,161.092,20.332,45.356,164.22,15.64,3.91,7.82,15.64
128,14,3.0082191780821916,-7.3,-6.6,-3.1,2.5,8.6,13,15.5,13.8,9.1,3.7,-0.8,-4.1,671,481,178,112,229,0,0,0,0,0,0,0,110.42200000000003,13.426000000000004,29.044000000000008,121.10800000000003,10.960000000000003,2.7400000000000007,5.480000000000001,10.960000000000003
129,14,3.2356164383561645,-7.3,-6.6,-3.1,2.5,8.6,13,15.5,13.8,9.1,3.7,-0.8,-4.1,671,481,178,112,229,0,0,0,0,0,0,0,134.23200000000003,12.173000000000002,33.88700000000001,148.70800000000003,13.160000000000004,3.290000000000001,6.580000000000002,13.160000000000004
130,14,3.408219178082192,-7.3,-6.6,-3.1,2.5,8.6,13,15.5,13.8,9.1,3.7,-0.8,-4.1,671,481,178,112,229,0,0,0,0,0,0,0,116.81599999999999,8.642,36.058,136.48399999999998,11.92,2.98,5.96,11.92
133,15,0.5561643835616439,-7.3,-6.6,-3.1,2.5,8.6,13,15.5,13.8,9.1,3.7,-0.8,-4.1,671,481,178,112,229,0,0,0,0,0,0,0,422.45,56.949999999999996,102.85,267.75,34,8.5,17,34
134,15,0.8027397260273973,-7.3,-6.6,-3.1,2.5,8.6,13,15.5,13.8,9.1,3.7,-0.8,-4.1,671,481,178,112,229,0,0,0,0,0,0,0,380.034,38.7,95.976,259.29,30.96,7.74,15.48,30.96
135,15,0.9561643835616438,-7.3,-6.6,-3.1,2.5,8.6,13,15.5,13.8,9.1,3.7,-0.8,-4.1,671,481,178,112,229,0,0,0,0,0,0,0,351.808,37.536,80.224,266.432,29.439999999999998,7.359999999999999,14.719999999999999,29.439999999999998
136,15,1.5726027397260274,-7.3,-6.6,-3.1,2.5,8.6,13,15.5,13.8,9.1,3.7,-0.8,-4.1,671,481,178,112,229,0,0,0,0,0,0,0,282.575,36.83,74.295,241.3,25.4,6.35,12.7,25.4
137,15,1.821917808219178,-7.3,-6.6,-3.1,2.5,8.6,13,15.5,13.8,9.1,3.7,-0.8,-4.1,671,481,178,112,229,0,0,0,0,0,0,0,260.15400000000005,32.592000000000006,60.528000000000006,228.72600000000003,23.28,5.82,11.64,23.28
138,15,1.9726027397260273,-7.3,-6.6,-3.1,2.5,8.6,13,15.5,13.8,9.1,3.7,-0.8,-4.1,671,481,178,112,229,0,0,0,0,0,0,0,226.304,30.72,54.272,200.704,20.48,5.12,10.24,20.48
139,15,2.56986301369863,-7.3,-6.6,-3.1,2.5,8.6,13,15.5,13.8,9.1,3.7,-0.8,-4.1,671,481,178,112,229,0,0,0,0,0,0,0,181.412,21.7,42.532,188.356,17.36,4.34,8.68,17.36
140,15,2.797260273972603,-7.3,-6.6,-3.1,2.5,8.6,13,15.5,13.8,9.1,3.7,-0.8,-4.1,671,481,178,112,229,0,0,0,0,0,0,0,186.543,17.199,40.572,196.686,17.64,4.41,8.82,17.64
141,15,2.96986301369863,-7.3,-6.6,-3.1,2.5,8.6,13,15.5,13.8,9.1,3.7,-0.8,-4.1,671,481,178,112,229,0,0,0,0,0,0,0,165.23,11.479999999999999,41.82,191.47,16.4,4.1,8.2,16.4
144,16,0.24383561643835616,-7.3,-6.6,-3.1,2.5,8.6,13,15.5,13.8,9.1,3.7,-0.8,-4.1,671,481,178,112,229,0,0,0,0,0,0,0,468.08500000000004,55.49,111.875,259.55,35.8,8.95,17.9,35.8
145,16,0.3972602739726027,-7.3,-6.6,-3.1,2.5,8.6,13,15.5,13.8,9.1,3.7,-0.8,-4.1,671,481,178,112,229,0,0,0,0,0,0,0,421.77000000000004,39.696000000000005,92.62400000000001,272.91,33.080000000000005,8.270000000000001,16.540000000000003,33.080000000000005
146,16,1.0136986301369864,-7.3,-6.6,-3.1,2.5,8.6,13,15.5,13.8,9.1,3.7,-0.8,-4.1,671,481,178,112,229,0,0,0,0,0,0,0,336.069,69.98400000000001,58.32000000000001,264.627,29.160000000000004,7.290000000000001,14.580000000000002,29.160000000000004
147,16,1.263013698630137,-7.3,-6.6,-3.1,2.5,8.6,13,15.5,13.8,9.1,3.7,-0.8,-4.1,671,481,178,112,229,0,0,0,0,0,0,0,286.38,32.25,74.175,252.195,25.8,6.45,12.9,25.8
148,16,1.441095890410959,-7.3,-6.6,-3.1,2.5,8.6,13,15.5,13.8,9.1,3.7,-0.8,-4.1,671,481,178,112,229,0,0,0,0,0,0,0,244.173,31.641,67.461,253.725,23.88,5.97,11.94,23.88
149,16,2.010958904109589,-7.3,-6.6,-3.1,2.5,8.6,13,15.5,13.8,9.1,3.7,-0.8,-4.1,671,481,178,112,229,0,0,0,0,0,0,0,223.428,23.736,51.6,217.23600000000002,20.64,5.16,10.32,20.64
150,16,2.2383561643835614,-7.3,-6.6,-3.1,2.5,8.6,13,15.5,13.8,9.1,3.7,-0.8,-4.1,671,481,178,112,229,0,0,0,0,0,0,0,203.61200000000002,17.746000000000002,41.563,204.079,18.68,4.67,9.34,18.68
151,16,2.410958904109589,-7.3,-6.6,-3.1,2.5,8.6,13,15.5,13.8,9.1,3.7,-0.8,-4.1,671,481,178,112,229,0,0,0,0,0,0,0,197.91799999999998,14.539,45.492999999999995,211.04999999999998,18.759999999999998,4.6899999999999995,9.379999999999999,18.759999999999998
157,17,0.6164383561643836,-7.3,-6.6,-3.1,2.5,8.6,13,15.5,13.8,9.1,3.7,-0.8,-4.1,671,514,82,116,288,0,0,0,0,0,0,0,357.192,42.768,106.92,285.12,31.68,7.92,15.84,31.68
158,17,0.863013698630137,-7.3,-6.6,-3.1,2.5,8.6,13,15.5,13.8,9.1,3.7,-0.8,-4.1,671,514,82,116,288,0,0,0,0,0,0,0,328.56,39.22,87.32,284.9,29.6,7.4,14.8,29.6
159,17,1.0136986301369864,-7.3,-6.6,-3.1,2.5,8.6,13,15.5,13.8,9.1,3.7,-0.8,-4.1,671,514,82,116,288,0,0,0,0,0,0,0,318.682,37.492,81.473,283.353,28.84,7.21,14.42,28.84
160,17,1.610958904109589,-7.3,-6.6,-3.1,2.5,8.6,13,15.5,13.8,9.1,3.7,-0.8,-4.1,671,514,82,116,288,0,0,0,0,0,0,0,271.143,29.485999999999997,66.66399999999999,273.70699999999994,25.639999999999997,6.409999999999999,12.819999999999999,25.639999999999997
161,17,1.8383561643835618,-7.3,-6.6,-3.1,2.5,8.6,13,15.5,13.8,9.1,3.7,-0.8,-4.1,671,514,82,116,288,0,0,0,0,0,0,0,256.71,22.686,55.521,262.08299999999997,23.88,5.97,11.94,23.88
162,17,2.010958904109589,-7.3,-6.6,-3.1,2.5,8.6,13,15.5,13.8,9.1,3.7,-0.8,-4.1,671,514,82,116,288,0,0,0,0,0,0,0,240.11799999999997,19.345999999999997,57.468999999999994,252.06699999999998,22.759999999999998,5.6899999999999995,11.379999999999999,22.759999999999998
178,18,0.5589041095890411,-7.3,-6.6,-3.1,2.5,8.6,13,15.5,13.8,9.1,3.7,-0.8,-4.1,671,462,213,94,231,0,0,0,0,0,0,0,424.935,41.894999999999996,96.615,291.555,34.2,8.55,17.1,34.2
179,18,0.7863013698630137,-7.3,-6.6,-3.1,2.5,8.6,13,15.5,13.8,9.1,3.7,-0.8,-4.1,671,462,213,94,231,0,0,0,0,0,0,0,418.907,41.15,85.592,277.351,32.92,8.23,16.46,32.92
180,18,0.9780821917808219,-7.3,-6.6,-3.1,2.5,8.6,13,15.5,13.8,9.1,3.7,-0.8,-4.1,671,462,213,94,231,0,0,0,0,0,0,0,386.512,22.736,101.13600000000001,273.616,31.36,7.84,15.68,31.36
181,18,1.5561643835616439,-7.3,-6.6,-3.1,2.5,8.6,13,15.5,13.8,9.1,3.7,-0.8,-4.1,671,462,213,94,231,0,0,0,0,0,0,0,346.86,35.424,84.132,271.584,29.52,7.38,14.76,29.52
182,18,1.8246575342465754,-7.3,-6.6,-3.1,2.5,8.6,13,15.5,13.8,9.1,3.7,-0.8,-4.1,671,462,213,94,231,0,0,0,0,0,0,0,312.22,36.18,71.69,249.91000000000003,26.8,6.7,13.4,26.8
183,18,1.9945205479452055,-7.3,-6.6,-3.1,2.5,8.6,13,15.5,13.8,9.1,3.7,-0.8,-4.1,671,462,213,94,231,0,0,0,0,0,0,0,276.432,38.064,63.648,245.856,24.96,6.24,12.48,24.96
184,18,2.5534246575342467,-7.3,-6.6,-3.1,2.5,8.6,13,15.5,13.8,9.1,3.7,-0.8,-4.1,671,462,213,94,231,0,0,0,0,0,0,0,256.65,25.369999999999997,58.41,249.57,23.599999999999998,5.8999999999999995,11.799999999999999,23.599999999999998
185,18,2.8054794520547945,-7.3,-6.6,-3.1,2.5,8.6,13,15.5,13.8,9.1,3.7,-0.8,-4.1,671,462,213,94,231,0,0,0,0,0,0,0,221.85,21.402,52.2,226.548,20.880000000000003,5.220000000000001,10.440000000000001,20.880000000000003
186,18,2.9534246575342467,-7.3,-6.6,-3.1,2.5,8.6,13,15.5,13.8,9.1,3.7,-0.8,-4.1,671,462,213,94,231,0,0,0,0,0,0,0,207.915,21.042,52.605,219.438,20.04,5.01,10.02,20.04
187,18,3.5726027397260274,-7.3,-6.6,-3.1,2.5,8.6,13,15.5,13.8,9.1,3.7,-0.8,-4.1,671,462,213,94,231,0,0,0,0,0,0,0,192.375,18.05,49.875,214.7,19,4.75,9.5,19
188,18,3.8164383561643835,-7.3,-6.6,-3.1,2.5,8.6,13,15.5,13.8,9.1,3.7,-0.8,-4.1,671,462,213,94,231,0,0,0,0,0,0,0,152.09599999999998,15.519999999999998,42.67999999999999,177.70399999999998,15.519999999999998,3.8799999999999994,7.759999999999999,15.519999999999998
189,18,3.967123287671233,-7.3,-6.6,-3.1,2.5,8.6,13,15.5,13.8,9.1,3.7,-0.8,-4.1,671,462,213,94,231,0,0,0,0,0,0,0,182.106,13.589999999999998,48.017999999999994,209.28599999999997,18.119999999999997,4.529999999999999,9.059999999999999,18.119999999999997
191,19,0.5753424657534246,-7.3,-6.6,-3.1,2.5,8.6,13,15.5,13.8,9.1,3.7,-0.8,-4.1,671,481,178,112,229,0,0,0,0,0,0,0,452.62799999999993,57.023999999999994,104.24699999999999,277.10099999999994,35.63999999999999,8.909999999999998,17.819999999999997,35.63999999999999
192,19,1.0136986301369864,-7.3,-6.6,-3.1,2.5,8.6,13,15.5,13.8,9.1,3.7,-0.8,-4.1,671,481,178,112,229,0,0,0,0,0,0,0,363.804,52.704,77.592,237.9,29.28,7.32,14.64,29.28
195,19,1.9726027397260273,-7.3,-6.6,-3.1,2.5,8.6,13,15.5,13.8,9.1,3.7,-0.8,-4.1,671,481,178,112,229,0,0,0,0,0,0,0,271.593,25.515000000000004,53.86500000000001,216.02700000000002,22.680000000000003,5.670000000000001,11.340000000000002,22.680000000000003
202,20,0.958904109589041,-7.3,-6.6,-3.1,2.5,8.6,13,15.5,13.8,9.1,3.7,-0.8,-4.1,671,481,178,112,229,0,0,0,0,0,0,0,391.68,42.24,76.032,258.048,30.72,7.68,15.36,30.72
205,20,1.9726027397260273,-7.3,-6.6,-3.1,2.5,8.6,13,15.5,13.8,9.1,3.7,-0.8,-4.1,671,481,178,112,229,0,0,0,0,0,0,0,277.09,32.67,57.475,237.765,24.2,6.05,12.1,24.2
210,21,0.8273972602739726,-7.3,-6.6,-3.1,2.5,8.6,13,15.5,13.8,9.1,3.7,-0.8,-4.1,671,497,150,85,268,0,0,0,0,0,0,0,468.84600000000006,42.7,53.80200000000001,288.65200000000004,34.160000000000004,8.540000000000001,17.080000000000002,34.160000000000004
211,21,1.0383561643835617,-7.3,-6.6,-3.1,2.5,8.6,13,15.5,13.8,9.1,3.7,-0.8,-4.1,671,497,150,85,268,0,0,0,0,0,0,0,432.97799999999995,36.477999999999994,54.71699999999999,268.827,31.72,7.93,15.86,31.72
212,21,2,-7.3,-6.6,-3.1,2.5,8.6,13,15.5,13.8,9.1,3.7,-0.8,-4.1,671,497,150,85,268,0,0,0,0,0,0,0,253.44,43.296,22.704,208.56,21.12,5.28,10.56,21.12
214,22,0.8273972602739726,-7.3,-6.6,-3.1,2.5,8.6,13,15.5,13.8,9.1,3.7,-0.8,-4.1,671,492,173,82,253,0,0,0,0,0,0,0,451.73499999999996,40.915,63.459999999999994,278.89,33.4,8.35,16.7,33.4
215,22,1.0383561643835617,-7.3,-6.6,-3.1,2.5,8.6,13,15.5,13.8,9.1,3.7,-0.8,-4.1,671,492,173,82,253,0,0,0,0,0,0,0,422.91999999999996,34.919999999999995,53.544,264.616,31.039999999999996,7.759999999999999,15.519999999999998,31.039999999999996
216,22,2,-7.3,-6.6,-3.1,2.5,8.6,13,15.5,13.8,9.1,3.7,-0.8,-4.1,671,492,173,82,253,0,0,0,0,0,0,0,250.056,28.704,54.648,218.592,22.080000000000002,5.5200000000000005,11.040000000000001,22.080000000000002
218,23,0.8273972602739726,-7.3,-6.6,-3.1,2.5,8.6,13,15.5,13.8,9.1,3.7,-0.8,-4.1,671,506,123,84,287,0,0,0,0,0,0,0,438.416,42.4,68.688,298.496,33.92,8.48,16.96,33.92
219,23,1.0383561643835617,-7.3,-6.6,-3.1,2.5,8.6,13,15.5,13.8,9.1,3.7,-0.8,-4.1,671,506,123,84,287,0,0,0,0,0,0,0,401.45,39.525,60.45,273.575,31,7.75,15.5,31
220,23,2,-7.3,-6.6,-3.1,2.5,8.6,13,15.5,13.8,9.1,3.7,-0.8,-4.1,671,506,123,84,287,0,0,0,0,0,0,0,258.52000000000004,26.414,53.952000000000005,223.11400000000003,22.480000000000004,5.620000000000001,11.240000000000002,22.480000000000004
222,24,0.8273972602739726,-7.3,-6.6,-3.1,2.5,8.6,13,15.5,13.8,9.1,3.7,-0.8,-4.1,671,509,82,59,350,0,0,0,0,0,0,0,421.99399999999997,37.766,46.797,314.443,32.839999999999996,8.209999999999999,16.419999999999998,32.839999999999996
223,24,1.0383561643835617,-7.3,-6.6,-3.1,2.5,8.6,13,15.5,13.8,9.1,3.7,-0.8,-4.1,671,509,82,59,350,0,0,0,0,0,0,0,370.512,32.868,44.073,299.547,29.88,7.47,14.94,29.88
224,24,2,-7.3,-6.6,-3.1,2.5,8.6,13,15.5,13.8,9.1,3.7,-0.8,-4.1,671,509,82,59,350,0,0,0,0,0,0,0,233.805,23.435000000000002,45.78,241.98000000000002,21.8,5.45,10.9,21.8
226,25,0.5534246575342465,-7.3,-6.6,-3.1,2.5,8.6,13,15.5,13.8,9.1,3.7,-0.8,-4.1,671,494,154,96,256,0,0,0,0,0,0,0,454.274,56.03,69.822,281.874,34.48,8.62,17.24,34.48
227,25,0.8356164383561644,-7.3,-6.6,-3.1,2.5,8.6,13,15.5,13.8,9.1,3.7,-0.8,-4.1,671,494,154,96,256,0,0,0,0,0,0,0,379.332,45.018,64.206,249.444,29.52,7.38,14.76,29.52
228,25,0.958904109589041,-7.3,-6.6,-3.1,2.5,8.6,13,15.5,13.8,9.1,3.7,-0.8,-4.1,671,494,154,96,256,0,0,0,0,0,0,0,323.03999999999996,48.455999999999996,56.532,244.97199999999998,26.919999999999998,6.7299999999999995,13.459999999999999,26.919999999999998
229,25,1.8027397260273972,-7.3,-6.6,-3.1,2.5,8.6,13,15.5,13.8,9.1,3.7,-0.8,-4.1,671,494,154,96,256,0,0,0,0,0,0,0,239.33,22.618000000000002,44.184000000000005,219.86800000000002,21.04,5.26,10.52,21.04
230,25,1.9287671232876713,-7.3,-6.6,-3.1,2.5,8.6,13,15.5,13.8,9.1,3.7,-0.8,-4.1,671,494,154,96,256,0,0,0,0,0,0,0,206.912,21.96,45.384,213.744,19.52,4.88,9.76,19.52
231,25,2.547945205479452,-7.3,-6.6,-3.1,2.5,8.6,13,15.5,13.8,9.1,3.7,-0.8,-4.1,671,494,154,96,256,0,0,0,0,0,0,0,190.532,19.228,36.27100000000001,190.96900000000002,17.480000000000004,4.370000000000001,8.740000000000002,17.480000000000004
232,25,2.989041095890411,-7.3,-6.6,-3.1,2.5,8.6,13,15.5,13.8,9.1,3.7,-0.8,-4.1,671,494,154,96,256,0,0,0,0,0,0,0,156.18,13.68,36.86,173.28,15.2,3.8,7.6,15.2
233,25,3.526027397260274,-7.3,-6.6,-3.1,2.5,8.6,13,15.5,13.8,9.1,3.7,-0.8,-4.1,671,494,154,96,256,0,0,0,0,0,0,0,146.28599999999997,20.411999999999995,34.775999999999996,176.52599999999998,15.119999999999997,3.7799999999999994,7.559999999999999,15.119999999999997
234,25,3.96986301369863,-7.3,-6.6,-3.1,2.5,8.6,13,15.5,13.8,9.1,3.7,-0.8,-4.1,671,494,154,96,256,0,0,0,0,0,0,0,115.12800000000001,14.040000000000003,31.200000000000006,151.63200000000003,12.480000000000002,3.1200000000000006,6.240000000000001,12.480000000000002
236,26,0.5534246575342465,-7.3,-6.6,-3.1,2.5,8.6,13,15.5,13.8,9.1,3.7,-0.8,-4.1,671,489,173,87,251,0,0,0,0,0,0,0,466.12,58.48,68.8,266.6,34.4,8.6,17.2,34.4
237,26,0.8356164383561644,-7.3,-6.6,-3.1,2.5,8.6,13,15.5,13.8,9.1,3.7,-0.8,-4.1,671,489,173,87,251,0,0,0,0,0,0,0,380.42699999999996,46.179,57.174,249.22,29.32,7.33,14.66,29.32
238,26,0.958904109589041,-7.3,-6.6,-3.1,2.5,8.6,13,15.5,13.8,9.1,3.7,-0.8,-4.1,671,489,173,87,251,0,0,0,0,0,0,0,335.94300000000004,50.151,48.777,252.12900000000002,27.480000000000004,6.870000000000001,13.740000000000002,27.480000000000004
239,26,1.8027397260273972,-7.3,-6.6,-3.1,2.5,8.6,13,15.5,13.8,9.1,3.7,-0.8,-4.1,671,489,173,87,251,0,0,0,0,0,0,0,230.036,21.484,46.636,225.84400000000002,20.96,5.24,10.48,20.96
240,26,1.9287671232876713,-7.3,-6.6,-3.1,2.5,8.6,13,15.5,13.8,9.1,3.7,-0.8,-4.1,671,489,173,87,251,0,0,0,0,0,0,0,220.038,19.773,45.63,221.559,20.28,5.07,10.14,20.28
241,26,2.547945205479452,-7.3,-6.6,-3.1,2.5,8.6,13,15.5,13.8,9.1,3.7,-0.8,-4.1,671,489,173,87,251,0,0,0,0,0,0,0,198.51600000000002,18.174,36.814,212.496,18.64,4.66,9.32,18.64
242,26,2.989041095890411,-7.3,-6.6,-3.1,2.5,8.6,13,15.5,13.8,9.1,3.7,-0.8,-4.1,671,489,173,87,251,0,0,0,0,0,0,0,165.64800000000002,14.616000000000001,37.758,187.978,16.240000000000002,4.0600000000000005,8.120000000000001,16.240000000000002
243,26,3.526027397260274,-7.3,-6.6,-3.1,2.5,8.6,13,15.5,13.8,9.1,3.7,-0.8,-4.1,671,489,173,87,251,0,0,0,0,0,0,0,146.096,19.136,31.28,171.488,14.719999999999999,3.6799999999999997,7.359999999999999,14.719999999999999
244,26,3.96986301369863,-7.3,-6.6,-3.1,2.5,8.6,13,15.5,13.8,9.1,3.7,-0.8,-4.1,671,489,173,87,251,0,0,0,0,0,0,0,121.12499999999999,15.826999999999998,31.007999999999996,155.03999999999996,12.919999999999998,3.2299999999999995,6.459999999999999,12.919999999999998
246,27,0.5534246575342465,-7.3,-6.6,-3.1,2.5,8.6,13,15.5,13.8,9.1,3.7,-0.8,-4.1,671,503,144,84,269,0,0,0,0,0,0,0,429.26,54.08,70.98,290.68,33.8,8.45,16.9,33.8
247,27,0.8356164383561644,-7.3,-6.6,-3.1,2.5,8.6,13,15.5,13.8,9.1,3.7,-0.8,-4.1,671,503,144,84,269,0,0,0,0,0,0,0,352.495,38.61,60.059999999999995,263.835,28.599999999999998,7.1499999999999995,14.299999999999999,28.599999999999998
248,27,0.958904109589041,-7.3,-6.6,-3.1,2.5,8.6,13,15.5,13.8,9.1,3.7,-0.8,-4.1,671,503,144,84,269,0,0,0,0,0,0,0,315.948,42.035999999999994,58.986,261.03,27.119999999999997,6.779999999999999,13.559999999999999,27.119999999999997
249,27,1.8027397260273972,-7.3,-6.6,-3.1,2.5,8.6,13,15.5,13.8,9.1,3.7,-0.8,-4.1,671,503,144,84,269,0,0,0,0,0,0,0,213,21.5,44.5,221,20,5,10,20
250,27,1.9287671232876713,-7.3,-6.6,-3.1,2.5,8.6,13,15.5,13.8,9.1,3.7,-0.8,-4.1,671,503,144,84,269,0,0,0,0,0,0,0,201.957,19.56,45.966,221.517,19.56,4.89,9.78,19.56
251,27,2.547945205479452,-7.3,-6.6,-3.1,2.5,8.6,13,15.5,13.8,9.1,3.7,-0.8,-4.1,671,503,144,84,269,0,0,0,0,0,0,0,182.81599999999997,27.375999999999998,43.616,210.19199999999998,18.56,4.64,9.28,18.56
252,27,2.989041095890411,-7.3,-6.6,-3.1,2.5,8.6,13,15.5,13.8,9.1,3.7,-0.8,-4.1,671,503,144,84,269,0,0,0,0,0,0,0,161.20000000000002,12.8,39.6,186.4,16,4,8,16
253,27,3.526027397260274,-7.3,-6.6,-3.1,2.5,8.6,13,15.5,13.8,9.1,3.7,-0.8,-4.1,671,503,144,84,269,0,0,0,0,0,0,0,137.632,16.896,33.088,164.38400000000001,14.080000000000002,3.5200000000000005,7.040000000000001,14.080000000000002
254,27,3.96986301369863,-7.3,-6.6,-3.1,2.5,8.6,13,15.5,13.8,9.1,3.7,-0.8,-4.1,671,503,144,84,269,0,0,0,0,0,0,0,109.22399999999998,12.727999999999996,29.007999999999992,145.03999999999996,11.839999999999996,2.959999999999999,5.919999999999998,11.839999999999996
256,28,0.5534246575342465,-7.3,-6.6,-3.1,2.5,8.6,13,15.5,13.8,9.1,3.7,-0.8,-4.1,671,503,151,78,268,0,0,0,0,0,0,0,412.58500000000004,51.471000000000004,64.543,288.401,32.68,8.17,16.34,32.68
257,28,0.8356164383561644,-7.3,-6.6,-3.1,2.5,8.6,13,15.5,13.8,9.1,3.7,-0.8,-4.1,671,503,151,78,268,0,0,0,0,0,0,0,330.37800000000004,39.729000000000006,56.45700000000001,270.43600000000004,27.880000000000003,6.970000000000001,13.940000000000001,27.880000000000003
258,28,0.958904109589041,-7.3,-6.6,-3.1,2.5,8.6,13,15.5,13.8,9.1,3.7,-0.8,-4.1,671,503,151,78,268,0,0,0,0,0,0,0,284.73900000000003,42.042,54.782000000000004,255.437,25.48,6.37,12.74,25.48
259,28,1.8027397260273972,-7.3,-6.6,-3.1,2.5,8.6,13,15.5,13.8,9.1,3.7,-0.8,-4.1,671,503,151,78,268,0,0,0,0,0,0,0,202.13,24.157,43.877,222.83599999999998,19.72,4.93,9.86,19.72
260,28,1.9287671232876713,-7.3,-6.6,-3.1,2.5,8.6,13,15.5,13.8,9.1,3.7,-0.8,-4.1,671,503,151,78,268,0,0,0,0,0,0,0,188.47,18.33,45.12,218.07999999999998,18.799999999999997,4.699999999999999,9.399999999999999,18.799999999999997
261,28,2.547945205479452,-7.3,-6.6,-3.1,2.5,8.6,13,15.5,13.8,9.1,3.7,-0.8,-4.1,671,503,151,78,268,0,0,0,0,0,0,0,170.94,16.38,35.699999999999996,196.98,16.8,4.2,8.4,16.8
262,28,2.989041095890411,-7.3,-6.6,-3.1,2.5,8.6,13,15.5,13.8,9.1,3.7,-0.8,-4.1,671,503,151,78,268,0,0,0,0,0,0,0,161.568,13.464,39.6,181.368,15.84,3.96,7.92,15.84
263,28,3.526027397260274,-7.3,-6.6,-3.1,2.5,8.6,13,15.5,13.8,9.1,3.7,-0.8,-4.1,671,503,151,78,268,0,0,0,0,0,0,0,129.86999999999998,15.443999999999997,36.85499999999999,168.83099999999996,14.039999999999997,3.5099999999999993,7.019999999999999,14.039999999999997
264,28,3.96986301369863,-7.3,-6.6,-3.1,2.5,8.6,13,15.5,13.8,9.1,3.7,-0.8,-4.1,671,503,151,78,268,0,0,0,0,0,0,0,118.90800000000003,15.552000000000003,34.02000000000001,155.52000000000004,12.960000000000003,3.2400000000000007,6.480000000000001,12.960000000000003
266,29,0.5589041095890411,-7.3,-6.6,-3.1,2.5,8.6,13,15.5,13.8,9.1,3.7,-0.8,-4.1,671,510,180,90,220,0,0,0,0,0,0,0,430.28700000000003,20.709,60.593,255.411,30.68,7.67,15.34,30.68
267,29,0.7835616438356164,-7.3,-6.6,-3.1,2.5,8.6,13,15.5,13.8,9.1,3.7,-0.8,-4.1,671,510,180,90,220,0,0,0,0,0,0,0,385.90400000000005,19.224000000000004,55.53600000000001,251.33600000000004,28.480000000000004,7.120000000000001,14.240000000000002,28.480000000000004
268,29,0.9835616438356164,-7.3,-6.6,-3.1,2.5,8.6,13,15.5,13.8,9.1,3.7,-0.8,-4.1,671,510,180,90,220,0,0,0,0,0,0,0,291.4,32.86,52.08,243.66,24.8,6.2,12.4,24.8
269,29,1.5534246575342465,-7.3,-6.6,-3.1,2.5,8.6,13,15.5,13.8,9.1,3.7,-0.8,-4.1,671,510,180,90,220,0,0,0,0,0,0,0,258.41900000000004,28.652,39.121,224.80800000000002,22.040000000000003,5.510000000000001,11.020000000000001,22.040000000000003
270,29,1.821917808219178,-7.3,-6.6,-3.1,2.5,8.6,13,15.5,13.8,9.1,3.7,-0.8,-4.1,671,510,180,90,220,0,0,0,0,0,0,0,241.66400000000002,23.04,39.424,207.872,20.48,5.12,10.24,20.48
271,29,1.9945205479452055,-7.3,-6.6,-3.1,2.5,8.6,13,15.5,13.8,9.1,3.7,-0.8,-4.1,671,510,180,90,220,0,0,0,0,0,0,0,213.155,30.656,34.488,200.701,19.16,4.79,9.58,19.16
272,29,2.5506849315068494,-7.3,-6.6,-3.1,2.5,8.6,13,15.5,13.8,9.1,3.7,-0.8,-4.1,671,510,180,90,220,0,0,0,0,0,0,0,209.30599999999998,20.151999999999997,30.685999999999996,197.856,18.32,4.58,9.16,18.32
273,29,2.797260273972603,-7.3,-6.6,-3.1,2.5,8.6,13,15.5,13.8,9.1,3.7,-0.8,-4.1,671,510,180,90,220,0,0,0,0,0,0,0,189,20.58,31.08,179.34,16.8,4.2,8.4,16.8
274,29,2.9506849315068493,-7.3,-6.6,-3.1,2.5,8.6,13,15.5,13.8,9.1,3.7,-0.8,-4.1,671,510,180,90,220,0,0,0,0,0,0,0,179.725,14.615,29.23,171.43,15.8,3.95,7.9,15.8
275,29,3.5671232876712327,-7.3,-6.6,-3.1,2.5,8.6,13,15.5,13.8,9.1,3.7,-0.8,-4.1,671,510,180,90,220,0,0,0,0,0,0,0,161.04,17.567999999999998,31.11,156.282,14.64,3.66,7.32,14.64
276,29,3.8164383561643835,-7.3,-6.6,-3.1,2.5,8.6,13,15.5,13.8,9.1,3.7,-0.8,-4.1,671,510,180,90,220,0,0,0,0,0,0,0,143.22,15.003999999999998,31.031,151.74499999999998,13.639999999999999,3.4099999999999997,6.819999999999999,13.639999999999999
304,30,0.5589041095890411,-7.3,-6.6,-3.1,2.5,8.6,13,15.5,13.8,9.1,3.7,-0.8,-4.1,671,474,103,42,381,0,0,0,0,0,0,0,425.125,58.175000000000004,39.38,372.32,35.8,8.95,17.9,35.8
305,30,0.7835616438356164,-7.3,-6.6,-3.1,2.5,8.6,13,15.5,13.8,9.1,3.7,-0.8,-4.1,671,474,103,42,381,0,0,0,0,0,0,0,411.028,41.356,37.136,354.48,33.760000000000005,8.440000000000001,16.880000000000003,33.760000000000005
306,30,0.9835616438356164,-7.3,-6.6,-3.1,2.5,8.6,13,15.5,13.8,9.1,3.7,-0.8,-4.1,671,474,103,42,381,0,0,0,0,0,0,0,361.08,56.61,33.660000000000004,313.65,30.6,7.65,15.3,30.6
307,30,1.5534246575342465,-7.3,-6.6,-3.1,2.5,8.6,13,15.5,13.8,9.1,3.7,-0.8,-4.1,671,474,103,42,381,0,0,0,0,0,0,0,331.07500000000005,56.45700000000001,22.304000000000002,287.16400000000004,27.880000000000003,6.970000000000001,13.940000000000001,27.880000000000003
308,30,1.821917808219178,-7.3,-6.6,-3.1,2.5,8.6,13,15.5,13.8,9.1,3.7,-0.8,-4.1,671,474,103,42,381,0,0,0,0,0,0,0,284.82,32.118,21.21,267.852,24.24,6.06,12.12,24.24
309,30,1.9945205479452055,-7.3,-6.6,-3.1,2.5,8.6,13,15.5,13.8,9.1,3.7,-0.8,-4.1,671,474,103,42,381,0,0,0,0,0,0,0,254.98200000000003,29.484,22.932000000000002,238.602,21.840000000000003,5.460000000000001,10.920000000000002,21.840000000000003
310,30,2.5506849315068494,-7.3,-6.6,-3.1,2.5,8.6,13,15.5,13.8,9.1,3.7,-0.8,-4.1,671,474,103,42,381,0,0,0,0,0,0,0,225.54399999999998,28.072,14.036,216.34799999999998,19.36,4.84,9.68,19.36
311,30,2.797260273972603,-7.3,-6.6,-3.1,2.5,8.6,13,15.5,13.8,9.1,3.7,-0.8,-4.1,671,474,103,42,381,0,0,0,0,0,0,0,203.301,21.609,11.907,204.183,17.64,4.41,8.82,17.64
312,30,2.9506849315068493,-7.3,-6.6,-3.1,2.5,8.6,13,15.5,13.8,9.1,3.7,-0.8,-4.1,671,474,103,42,381,0,0,0,0,0,0,0,188.74099999999999,18.997999999999998,14.867999999999999,190.393,16.52,4.13,8.26,16.52
313,30,3.5671232876712327,-7.3,-6.6,-3.1,2.5,8.6,13,15.5,13.8,9.1,3.7,-0.8,-4.1,671,474,103,42,381,0,0,0,0,0,0,0,170.04,19.5,15.21,185.25,15.600000000000001,3.9000000000000004,7.800000000000001,15.600000000000001
314,30,3.8164383561643835,-7.3,-6.6,-3.1,2.5,8.6,13,15.5,13.8,9.1,3.7,-0.8,-4.1,671,474,103,42,381,0,0,0,0,0,0,0,147.31199999999998,14.662999999999998,16.709,162.31599999999997,13.639999999999999,3.4099999999999997,6.819999999999999,13.639999999999999
315,30,3.967123287671233,-7.3,-6.6,-3.1,2.5,8.6,13,15.5,13.8,9.1,3.7,-0.8,-4.1,671,474,103,42,381,0,0,0,0,0,0,0,152.397,18.081,19.557,178.965,14.76,3.69,7.38,14.76
317,31,0.5589041095890411,-7.3,-6.6,-3.1,2.5,8.6,13,15.5,13.8,9.1,3.7,-0.8,-4.1,671,471,147,36,346,0,0,0,0,0,0,0,412.852,52.033,25.59,362.525,34.12,8.53,17.06,34.12
318,31,0.7835616438356164,-7.3,-6.6,-3.1,2.5,8.6,13,15.5,13.8,9.1,3.7,-0.8,-4.1,671,471,147,36,346,0,0,0,0,0,0,0,385.884,42.082,33.348,332.68600000000004,31.76,7.94,15.88,31.76
319,31,0.9835616438356164,-7.3,-6.6,-3.1,2.5,8.6,13,15.5,13.8,9.1,3.7,-0.8,-4.1,671,471,147,36,346,0,0,0,0,0,0,0,344.375,43.5,29.724999999999998,307.4,29,7.25,14.5,29
320,31,1.5534246575342465,-7.3,-6.6,-3.1,2.5,8.6,13,15.5,13.8,9.1,3.7,-0.8,-4.1,671,471,147,36,346,0,0,0,0,0,0,0,304.308,38.52,16.692,282.48,25.68,6.42,12.84,25.68
321,31,1.821917808219178,-7.3,-6.6,-3.1,2.5,8.6,13,15.5,13.8,9.1,3.7,-0.8,-4.1,671,471,147,36,346,0,0,0,0,0,0,0,279.65,29.75,17.849999999999998,267.75,23.799999999999997,5.949999999999999,11.899999999999999,23.799999999999997
322,31,1.9945205479452055,-7.3,-6.6,-3.1,2.5,8.6,13,15.5,13.8,9.1,3.7,-0.8,-4.1,671,471,147,36,346,0,0,0,0,0,0,0,256.83899999999994,26.606999999999996,15.746999999999998,243.80699999999996,21.72,5.43,10.86,21.72
323,31,2.5506849315068494,-7.3,-6.6,-3.1,2.5,8.6,13,15.5,13.8,9.1,3.7,-0.8,-4.1,671,471,147,36,346,0,0,0,0,0,0,0,231.71,25.636,9.86,225.794,19.72,4.93,9.86,19.72
324,31,2.797260273972603,-7.3,-6.6,-3.1,2.5,8.6,13,15.5,13.8,9.1,3.7,-0.8,-4.1,671,471,147,36,346,0,0,0,0,0,0,0,220.424,23.6,12.272,215.704,18.880000000000003,4.720000000000001,9.440000000000001,18.880000000000003
325,31,2.9506849315068493,-7.3,-6.6,-3.1,2.5,8.6,13,15.5,13.8,9.1,3.7,-0.8,-4.1,671,471,147,36,346,0,0,0,0,0,0,0,202.244,17.794,9.548,204.414,17.36,4.34,8.68,17.36
326,31,3.5671232876712327,-7.3,-6.6,-3.1,2.5,8.6,13,15.5,13.8,9.1,3.7,-0.8,-4.1,671,471,147,36,346,0,0,0,0,0,0,0,178.65,18.262,10.322000000000001,189.76600000000002,15.88,3.97,7.94,15.88
327,31,3.8164383561643835,-7.3,-6.6,-3.1,2.5,8.6,13,15.5,13.8,9.1,3.7,-0.8,-4.1,671,471,147,36,346,0,0,0,0,0,0,0,174.148,13.395999999999999,14.971999999999998,191.48399999999998,15.759999999999998,3.9399999999999995,7.879999999999999,15.759999999999998
328,31,3.967123287671233,-7.3,-6.6,-3.1,2.5,8.6,13,15.5,13.8,9.1,3.7,-0.8,-4.1,671,471,147,36,346,0,0,0,0,0,0,0,147.9,17,13.600000000000001,161.5,13.600000000000001,3.4000000000000004,6.800000000000001,13.600000000000001
350,36,0.19452054794520549,-7.3,-6.6,-3.1,2.5,8.6,13,15.5,13.8,9.1,3.7,-0.8,-4.1,671,482,196,114,208,0,0,0,0,0,0,0,452.7459999999999,66.44999999999999,115.17999999999999,251.62399999999997,35.44,8.86,17.72,35.44
351,36,0.6876712328767123,-7.3,-6.6,-3.1,2.5,8.6,13,15.5,13.8,9.1,3.7,-0.8,-4.1,671,482,196,114,208,0,0,0,0,0,0,0,402.45599999999996,56.44199999999999,93.252,265.84999999999997,32.72,8.18,16.36,32.72
352,36,0.863013698630137,-7.3,-6.6,-3.1,2.5,8.6,13,15.5,13.8,9.1,3.7,-0.8,-4.1,671,482,196,114,208,0,0,0,0,0,0,0,374.616,41.022,97.524,260.838,30.96,7.74,15.48,30.96
353,36,1.0328767123287672,-7.3,-6.6,-3.1,2.5,8.6,13,15.5,13.8,9.1,3.7,-0.8,-4.1,671,482,196,114,208,0,0,0,0,0,0,0,349.338,41.272,91.388,255.002,29.48,7.37,14.74,29.48
354,36,1.2054794520547945,-7.3,-6.6,-3.1,2.5,8.6,13,15.5,13.8,9.1,3.7,-0.8,-4.1,671,482,196,114,208,0,0,0,0,0,0,0,306.76800000000003,32.536,78.352,246.34400000000002,26.560000000000002,6.640000000000001,13.280000000000001,26.560000000000002
355,36,1.7589041095890412,-7.3,-6.6,-3.1,2.5,8.6,13,15.5,13.8,9.1,3.7,-0.8,-4.1,671,482,196,114,208,0,0,0,0,0,0,0,272.616,38.068,73.67999999999999,229.636,24.56,6.14,12.28,24.56
356,36,1.8657534246575342,-7.3,-6.6,-3.1,2.5,8.6,13,15.5,13.8,9.1,3.7,-0.8,-4.1,671,482,196,114,208,0,0,0,0,0,0,0,270.72499999999997,33.915,69.615,220.74499999999998,23.799999999999997,5.949999999999999,11.899999999999999,23.799999999999997
357,36,2.010958904109589,-7.3,-6.6,-3.1,2.5,8.6,13,15.5,13.8,9.1,3.7,-0.8,-4.1,671,482,196,114,208,0,0,0,0,0,0,0,247.19099999999997,28.202999999999996,62.48899999999999,215.11699999999996,22.119999999999997,5.529999999999999,11.059999999999999,22.119999999999997
358,36,2.1616438356164385,-7.3,-6.6,-3.1,2.5,8.6,13,15.5,13.8,9.1,3.7,-0.8,-4.1,671,482,196,114,208,0,0,0,0,0,0,0,220.158,30.618,55.89,179.334,19.439999999999998,4.859999999999999,9.719999999999999,19.439999999999998
359,36,2.758904109589041,-7.3,-6.6,-3.1,2.5,8.6,13,15.5,13.8,9.1,3.7,-0.8,-4.1,671,482,196,114,208,0,0,0,0,0,0,0,193.52,27.376,66.552,184.55200000000002,18.880000000000003,4.720000000000001,9.440000000000001,18.880000000000003
360,36,2.8602739726027395,-7.3,-6.6,-3.1,2.5,8.6,13,15.5,13.8,9.1,3.7,-0.8,-4.1,671,482,196,114,208,0,0,0,0,0,0,0,189.125,30.26,51.175000000000004,174.44,17.8,4.45,8.9,17.8
361,36,3.0273972602739727,-7.3,-6.6,-3.1,2.5,8.6,13,15.5,13.8,9.1,3.7,-0.8,-4.1,671,482,196,114,208,0,0,0,0,0,0,0,173.47,22.154,50.577999999999996,171.798,16.72,4.18,8.36,16.72
363,37,0.5780821917808219,-7.3,-6.6,-3.1,2.5,8.6,13,15.5,13.8,9.1,3.7,-0.8,-4.1,671,474,103,42,381,0,0,0,0,0,0,0,445.995,46.75,40.205000000000005,402.05,37.400000000000006,9.350000000000001,18.700000000000003,37.400000000000006
364,37,1.010958904109589,-7.3,-6.6,-3.1,2.5,8.6,13,15.5,13.8,9.1,3.7,-0.8,-4.1,671,474,103,42,381,0,0,0,0,0,0,0,381.429,39.056999999999995,34.071,376.443,33.239999999999995,8.309999999999999,16.619999999999997,33.239999999999995
371,37,3.580821917808219,-7.3,-6.6,-3.1,2.5,8.6,13,15.5,13.8,9.1,3.7,-0.8,-4.1,671,474,103,42,381,0,0,0,0,0,0,0,189.55,22.3,15.164,218.986,17.84,4.46,8.92,17.84
372,37,3.808219178082192,-7.3,-6.6,-3.1,2.5,8.6,13,15.5,13.8,9.1,3.7,-0.8,-4.1,671,474,103,42,381,0,0,0,0,0,0,0,180.19400000000002,18.990000000000002,13.504000000000001,209.312,16.880000000000003,4.220000000000001,8.440000000000001,16.880000000000003
438,38,0.24383561643835616,-7.3,-6.6,-3.1,2.5,8.6,13,15.5,13.8,9.1,3.7,-0.8,-4.1,671,481,178,112,229,0,0,0,0,0,0,0,469.192,51.736000000000004,109.71600000000001,261.356,35.68,8.92,17.84,35.68
439,38,0.39452054794520547,-7.3,-6.6,-3.1,2.5,8.6,13,15.5,13.8,9.1,3.7,-0.8,-4.1,671,481,178,112,229,0,0,0,0,0,0,0,443.625,39.714999999999996,98.865,262.795,33.8,8.45,16.9,33.8
440,38,0.9917808219178083,-7.3,-6.6,-3.1,2.5,8.6,13,15.5,13.8,9.1,3.7,-0.8,-4.1,671,481,178,112,229,0,0,0,0,0,0,0,358.34399999999994,30.995999999999995,88.45199999999998,278.20799999999997,30.239999999999995,7.559999999999999,15.119999999999997,30.239999999999995
441,38,1.2191780821917808,-7.3,-6.6,-3.1,2.5,8.6,13,15.5,13.8,9.1,3.7,-0.8,-4.1,671,481,178,112,229,0,0,0,0,0,0,0,331.113,22.496,73.815,275.57599999999996,28.119999999999997,7.029999999999999,14.059999999999999,28.119999999999997
442,38,1.3917808219178083,-7.3,-6.6,-3.1,2.5,8.6,13,15.5,13.8,9.1,3.7,-0.8,-4.1,671,481,178,112,229,0,0,0,0,0,0,0,294.052,20.212,69.764,267.97200000000004,26.080000000000002,6.5200000000000005,13.040000000000001,26.080000000000002
447,39,0.5972602739726027,-7.3,-6.6,-3.1,2.5,8.6,13,15.5,13.8,9.1,3.7,-0.8,-4.1,671,483,182,94,241,0,0,0,0,0,0,0,432.12800000000004,34.604000000000006,81.86800000000001,295.40000000000003,33.760000000000005,8.440000000000001,16.880000000000003,33.760000000000005
448,39,0.8246575342465754,-7.3,-6.6,-3.1,2.5,8.6,13,15.5,13.8,9.1,3.7,-0.8,-4.1,671,483,182,94,241,0,0,0,0,0,0,0,399.74,30.020000000000003,60.830000000000005,299.41,31.6,7.9,15.8,31.6
449,39,0.9972602739726028,-7.3,-6.6,-3.1,2.5,8.6,13,15.5,13.8,9.1,3.7,-0.8,-4.1,671,483,182,94,241,0,0,0,0,0,0,0,360.58,28.31,64.815,291.295,29.8,7.45,14.9,29.8
456,40,0.2273972602739726,-7.3,-6.6,-3.1,2.5,8.6,13,15.5,13.8,9.1,3.7,-0.8,-4.1,671,514,82,116,288,0,0,0,0,0,0,0,508.53900000000004,42.615,83.33600000000001,312.51000000000005,37.88,9.47,18.94,37.88
457,40,0.4,-7.3,-6.6,-3.1,2.5,8.6,13,15.5,13.8,9.1,3.7,-0.8,-4.1,671,514,82,116,288,0,0,0,0,0,0,0,456.144,30.056,88.4,309.4,35.36,8.84,17.68,35.36
607,43,0.7863013698630137,-7.3,-6.6,-3.1,2.5,8.6,13,15.5,13.8,9.1,3.7,-0.8,-4.1,671,510,180,90,220,0,0,0,0,0,0,0,401.82,38.48,53.28,246.42,29.6,7.4,14.8,29.6
608,43,0.9780821917808219,-7.3,-6.6,-3.1,2.5,8.6,13,15.5,13.8,9.1,3.7,-0.8,-4.1,671,510,180,90,220,0,0,0,0,0,0,0,345.408,30.912000000000003,49.056000000000004,246.62400000000002,26.880000000000003,6.720000000000001,13.440000000000001,26.880000000000003
609,43,1.5561643835616439,-7.3,-6.6,-3.1,2.5,8.6,13,15.5,13.8,9.1,3.7,-0.8,-4.1,671,510,180,90,220,0,0,0,0,0,0,0,313.992,29.281,50.463,229.264,24.92,6.23,12.46,24.92
610,43,1.8246575342465754,-7.3,-6.6,-3.1,2.5,8.6,13,15.5,13.8,9.1,3.7,-0.8,-4.1,671,510,180,90,220,0,0,0,0,0,0,0,286.192,24.811000000000003,42.69800000000001,223.29900000000004,23.080000000000002,5.7700000000000005,11.540000000000001,23.080000000000002
611,43,1.9945205479452055,-7.3,-6.6,-3.1,2.5,8.6,13,15.5,13.8,9.1,3.7,-0.8,-4.1,671,510,180,90,220,0,0,0,0,0,0,0,259.139,25.968000000000004,43.28,212.61300000000003,21.64,5.41,10.82,21.64
612,43,2.5534246575342467,-7.3,-6.6,-3.1,2.5,8.6,13,15.5,13.8,9.1,3.7,-0.8,-4.1,671,510,180,90,220,0,0,0,0,0,0,0,238.977,15.03,37.575,209.418,20.04,5.01,10.02,20.04
613,43,2.8054794520547945,-7.3,-6.6,-3.1,2.5,8.6,13,15.5,13.8,9.1,3.7,-0.8,-4.1,671,510,180,90,220,0,0,0,0,0,0,0,220.37400000000002,12.012,33.726,195.888,18.48,4.62,9.24,18.48
614,43,2.9534246575342467,-7.3,-6.6,-3.1,2.5,8.6,13,15.5,13.8,9.1,3.7,-0.8,-4.1,671,510,180,90,220,0,0,0,0,0,0,0,211.564,14.527999999999999,31.325999999999997,196.582,18.159999999999997,4.539999999999999,9.079999999999998,18.159999999999997
616,43,3.8164383561643835,-7.3,-6.6,-3.1,2.5,8.6,13,15.5,13.8,9.1,3.7,-0.8,-4.1,671,510,180,90,220,0,0,0,0,0,0,0,185.07,9.552,29.849999999999998,173.528,15.919999999999998,3.9799999999999995,7.959999999999999,15.919999999999998
617,43,3.967123287671233,-7.3,-6.6,-3.1,2.5,8.6,13,15.5,13.8,9.1,3.7,-0.8,-4.1,671,510,180,90,220,0,0,0,0,0,0,0,190.56900000000002,13.761000000000001,31.275000000000002,181.395,16.68,4.17,8.34,16.68
619,44,0.5561643835616439,-7.3,-6.6,-3.1,2.5,8.6,13,15.5,13.8,9.1,3.7,-0.8,-4.1,671,504,138,106,252,0,0,0,0,0,0,0,435.03,106.625,40.091,271.254,34.12,8.53,17.06,34.12
620,44,0.7863013698630137,-7.3,-6.6,-3.1,2.5,8.6,13,15.5,13.8,9.1,3.7,-0.8,-4.1,671,504,138,106,252,0,0,0,0,0,0,0,409.956,41.964000000000006,93.61200000000001,261.468,32.28,8.07,16.14,32.28
621,44,0.9780821917808219,-7.3,-6.6,-3.1,2.5,8.6,13,15.5,13.8,9.1,3.7,-0.8,-4.1,671,504,138,106,252,0,0,0,0,0,0,0,371.687,36.336,87.055,261.922,30.28,7.57,15.14,30.28
622,44,1.5561643835616439,-7.3,-6.6,-3.1,2.5,8.6,13,15.5,13.8,9.1,3.7,-0.8,-4.1,671,504,138,106,252,0,0,0,0,0,0,0,327.825,38.07,94.47,244.635,28.2,7.05,14.1,28.2
623,44,1.8246575342465754,-7.3,-6.6,-3.1,2.5,8.6,13,15.5,13.8,9.1,3.7,-0.8,-4.1,671,504,138,106,252,0,0,0,0,0,0,0,296.85599999999994,36.455999999999996,80.72399999999999,236.96399999999997,26.039999999999996,6.509999999999999,13.019999999999998,26.039999999999996
624,44,1.9945205479452055,-7.3,-6.6,-3.1,2.5,8.6,13,15.5,13.8,9.1,3.7,-0.8,-4.1,671,504,138,106,252,0,0,0,0,0,0,0,255.03699999999998,34.751,70.67999999999999,228.53199999999998,23.56,5.89,11.78,23.56
625,44,2.5534246575342467,-7.3,-6.6,-3.1,2.5,8.6,13,15.5,13.8,9.1,3.7,-0.8,-4.1,671,504,138,106,252,0,0,0,0,0,0,0,239.25199999999998,21.801,66.52099999999999,231.426,22.36,5.59,11.18,22.36
626,44,2.8054794520547945,-7.3,-6.6,-3.1,2.5,8.6,13,15.5,13.8,9.1,3.7,-0.8,-4.1,671,504,138,106,252,0,0,0,0,0,0,0,215.475,19.773,60.333,211.419,20.28,5.07,10.14,20.28
627,44,2.9534246575342467,-7.3,-6.6,-3.1,2.5,8.6,13,15.5,13.8,9.1,3.7,-0.8,-4.1,671,504,138,106,252,0,0,0,0,0,0,0,197.30900000000003,19.383000000000003,57.65200000000001,222.65600000000003,19.880000000000003,4.970000000000001,9.940000000000001,19.880000000000003
629,44,3.8164383561643835,-7.3,-6.6,-3.1,2.5,8.6,13,15.5,13.8,9.1,3.7,-0.8,-4.1,671,504,138,106,252,0,0,0,0,0,0,0,183.017,16.596,56.703,204.684,18.44,4.61,9.22,18.44
630,44,3.967123287671233,-7.3,-6.6,-3.1,2.5,8.6,13,15.5,13.8,9.1,3.7,-0.8,-4.1,671,504,138,106,252,0,0,0,0,0,0,0,164.692,16.302,52.25,184.756,16.72,4.18,8.36,16.72
632,45,0.5561643835616439,-7.3,-6.6,-3.1,2.5,8.6,13,15.5,13.8,9.1,3.7,-0.8,-4.1,671,499,170,94,237,0,0,0,0,0,0,0,448.24,42.238,90.51,281.012,34.48,8.62,17.24,34.48
633,45,0.7863013698630137,-7.3,-6.6,-3.1,2.5,8.6,13,15.5,13.8,9.1,3.7,-0.8,-4.1,671,499,170,94,237,0,0,0,0,0,0,0,443.916,36.784,81.928,273.372,33.44,8.36,16.72,33.44
634,45,0.9780821917808219,-7.3,-6.6,-3.1,2.5,8.6,13,15.5,13.8,9.1,3.7,-0.8,-4.1,671,499,170,94,237,0,0,0,0,0,0,0,408.2,37.68,77.715,261.40500000000003,31.400000000000002,7.8500000000000005,15.700000000000001,31.400000000000002
635,45,1.5561643835616439,-7.3,-6.6,-3.1,2.5,8.6,13,15.5,13.8,9.1,3.7,-0.8,-4.1,671,499,170,94,237,0,0,0,0,0,0,0,359.632,37.128,72.072,259.168,29.119999999999997,7.279999999999999,14.559999999999999,29.119999999999997
636,45,1.8246575342465754,-7.3,-6.6,-3.1,2.5,8.6,13,15.5,13.8,9.1,3.7,-0.8,-4.1,671,499,170,94,237,0,0,0,0,0,0,0,345.5,31.785999999999998,66.336,247.378,27.639999999999997,6.909999999999999,13.819999999999999,27.639999999999997
637,45,1.9945205479452055,-7.3,-6.6,-3.1,2.5,8.6,13,15.5,13.8,9.1,3.7,-0.8,-4.1,671,499,170,94,237,0,0,0,0,0,0,0,309.25999999999993,31.583999999999996,63.82599999999999,253.32999999999996,26.319999999999997,6.579999999999999,13.159999999999998,26.319999999999997
640,45,2.9534246575342467,-7.3,-6.6,-3.1,2.5,8.6,13,15.5,13.8,9.1,3.7,-0.8,-4.1,671,499,170,94,237,0,0,0,0,0,0,0,234.496,17.92,41.984,217.6,20.48,5.12,10.24,20.48
645,46,0.5561643835616439,-7.3,-6.6,-3.1,2.5,8.6,13,15.5,13.8,9.1,3.7,-0.8,-4.1,671,493,131,117,259,0,0,0,0,0,0,0,450.98400000000004,51.56600000000001,97.888,273.562,34.96000000000001,8.740000000000002,17.480000000000004,34.96000000000001
646,46,0.7863013698630137,-7.3,-6.6,-3.1,2.5,8.6,13,15.5,13.8,9.1,3.7,-0.8,-4.1,671,493,131,117,259,0,0,0,0,0,0,0,409,53.169999999999995,85.07199999999999,270.758,32.72,8.18,16.36,32.72
647,46,0.9780821917808219,-7.3,-6.6,-3.1,2.5,8.6,13,15.5,13.8,9.1,3.7,-0.8,-4.1,671,493,131,117,259,0,0,0,0,0,0,0,377.223,53.13,78.936,249.711,30.36,7.59,15.18,30.36
648,46,1.5561643835616439,-7.3,-6.6,-3.1,2.5,8.6,13,15.5,13.8,9.1,3.7,-0.8,-4.1,671,493,131,117,259,0,0,0,0,0,0,0,332.42600000000004,52.74400000000001,75.646,233.18400000000003,27.76,6.94,13.88,27.76
649,46,1.8246575342465754,-7.3,-6.6,-3.1,2.5,8.6,13,15.5,13.8,9.1,3.7,-0.8,-4.1,671,493,131,117,259,0,0,0,0,0,0,0,286.738,42.98,69.996,214.286,24.56,6.14,12.28,24.56
650,46,1.9945205479452055,-7.3,-6.6,-3.1,2.5,8.6,13,15.5,13.8,9.1,3.7,-0.8,-4.1,671,493,131,117,259,0,0,0,0,0,0,0,249.76000000000002,36.400000000000006,67.76,206.08,22.400000000000002,5.6000000000000005,11.200000000000001,22.400000000000002
651,46,2.5534246575342467,-7.3,-6.6,-3.1,2.5,8.6,13,15.5,13.8,9.1,3.7,-0.8,-4.1,671,493,131,117,259,0,0,0,0,0,0,0,218.562,25.948,56.886,197.604,19.96,4.99,9.98,19.96
652,46,2.8054794520547945,-7.3,-6.6,-3.1,2.5,8.6,13,15.5,13.8,9.1,3.7,-0.8,-4.1,671,493,131,117,259,0,0,0,0,0,0,0,196.35000000000002,22.176000000000002,53.13,190.34400000000002,18.48,4.62,9.24,18.48
653,46,2.9534246575342467,-7.3,-6.6,-3.1,2.5,8.6,13,15.5,13.8,9.1,3.7,-0.8,-4.1,671,493,131,117,259,0,0,0,0,0,0,0,188.748,16.758,49.392,186.102,17.64,4.41,8.82,17.64
655,46,3.8164383561643835,-7.3,-6.6,-3.1,2.5,8.6,13,15.5,13.8,9.1,3.7,-0.8,-4.1,671,493,131,117,259,0,0,0,0,0,0,0,159.51000000000002,13.65,41.34,175.5,15.600000000000001,3.9000000000000004,7.800000000000001,15.600000000000001
656,46,3.967123287671233,-7.3,-6.6,-3.1,2.5,8.6,13,15.5,13.8,9.1,3.7,-0.8,-4.1,671,493,131,117,259,0,0,0,0,0,0,0,157.573,12.121,41.055,180.251,15.64,3.91,7.82,15.64
658,47,0.2684931506849315,-7.3,-6.6,-3.1,2.5,8.6,13,15.5,13.8,9.1,3.7,-0.8,-4.1,671,481,178,112,229,0,0,0,0,0,0,0,468.16,66,98.56,247.28,35.2,8.8,17.6,35.2
659,47,0.4383561643835616,-7.3,-6.6,-3.1,2.5,8.6,13,15.5,13.8,9.1,3.7,-0.8,-4.1,671,481,178,112,229,0,0,0,0,0,0,0,410.02700000000004,65.321,82.635,229.017,31.48,7.87,15.74,31.48
662,47,1.3972602739726028,-7.3,-6.6,-3.1,2.5,8.6,13,15.5,13.8,9.1,3.7,-0.8,-4.1,671,481,178,112,229,0,0,0,0,0,0,0,283.521,31.111000000000004,61.04800000000001,211.32000000000002,23.480000000000004,5.870000000000001,11.740000000000002,23.480000000000004
669,48,0.4,-7.3,-6.6,-3.1,2.5,8.6,13,15.5,13.8,9.1,3.7,-0.8,-4.1,671,481,178,112,229,0,0,0,0,0,0,0,393.84899999999993,43.065,89.26199999999999,256.82399999999996,31.319999999999997,7.829999999999999,15.659999999999998,31.319999999999997
677,49,1.0082191780821919,-7.3,-6.6,-3.1,2.5,8.6,13,15.5,13.8,9.1,3.7,-0.8,-4.1,671,481,178,112,229,0,0,0,0,0,0,0,384.19,31.332,74.6,255.878,29.84,7.46,14.92,29.84
683,50,0.39452054794520547,-7.3,-6.6,-3.1,2.5,8.6,13,15.5,13.8,9.1,3.7,-0.8,-4.1,671,481,178,112,229,0,0,0,0,0,0,0,477.369,39.556,88.102,293.973,35.96,8.99,17.98,35.96
845,53,0.2547945205479452,-11.2,-10.2,-6,0,6.5,12,14.8,12.8,7.5,1.5,-4.1,-8.1,651,527,93,96,284,0,0,0,0,0,0,0,508.544,60.31999999999999,84.448,274.688,37.12,9.28,18.56,37.12
846,53,0.3698630136986301,-11.2,-10.2,-6,0,6.5,12,14.8,12.8,7.5,1.5,-4.1,-8.1,651,527,93,96,284,0,0,0,0,0,0,0,421.024,59.764,85.632,325.58,35.68,8.92,17.84,35.68
847,53,0.9972602739726028,-11.2,-10.2,-6,0,6.5,12,14.8,12.8,7.5,1.5,-4.1,-8.1,651,527,93,96,284,0,0,0,0,0,0,0,399.784,35.518,91.68599999999999,299.012,33.04,8.26,16.52,33.04
848,53,1.2657534246575342,-11.2,-10.2,-6,0,6.5,12,14.8,12.8,7.5,1.5,-4.1,-8.1,651,527,93,96,284,0,0,0,0,0,0,0,336.536,33.510999999999996,78.42999999999999,264.52299999999997,28.52,7.13,14.26,28.52
849,53,1.3424657534246576,-11.2,-10.2,-6,0,6.5,12,14.8,12.8,7.5,1.5,-4.1,-8.1,651,527,93,96,284,0,0,0,0,0,0,0,316.106,31.678,62.682,263.534,26.96,6.74,13.48,26.96
850,53,2.0136986301369864,-11.2,-10.2,-6,0,6.5,12,14.8,12.8,7.5,1.5,-4.1,-8.1,651,527,93,96,284,0,0,0,0,0,0,0,283.563,32.15,59.799,267.488,25.72,6.43,12.86,25.72
851,53,2.263013698630137,-11.2,-10.2,-6,0,6.5,12,14.8,12.8,7.5,1.5,-4.1,-8.1,651,527,93,96,284,0,0,0,0,0,0,0,258.68,29.58,50.459999999999994,241.27999999999997,23.2,5.8,11.6,23.2
852,53,2.336986301369863,-11.2,-10.2,-6,0,6.5,12,14.8,12.8,7.5,1.5,-4.1,-8.1,651,527,93,96,284,0,0,0,0,0,0,0,238.71,29.430000000000003,52.865,223.995,21.8,5.45,10.9,21.8
853,53,3.010958904109589,-11.2,-10.2,-6,0,6.5,12,14.8,12.8,7.5,1.5,-4.1,-8.1,651,527,93,96,284,0,0,0,0,0,0,0,220.668,18.648,51.800000000000004,226.88400000000001,20.72,5.18,10.36,20.72
854,53,3.336986301369863,-11.2,-10.2,-6,0,6.5,12,14.8,12.8,7.5,1.5,-4.1,-8.1,651,527,93,96,284,0,0,0,0,0,0,0,204.472,14.64,49.775999999999996,219.112,19.52,4.88,9.76,19.52
1060,54,0.1863013698630137,-6.8,-6.3,-2.5,2,7.7,12.3,14.2,13.2,8.9,4.4,-1.2,-5.1,646,499,101,60,340,0,0,0,0,0,0,0,446.81,64.61,43.68,354.90000000000003,36.4,9.1,18.2,36.4
1061,54,0.2821917808219178,-6.8,-6.3,-2.5,2,7.7,12.3,14.2,13.2,8.9,4.4,-1.2,-5.1,646,499,101,60,340,0,0,0,0,0,0,0,439.62200000000007,62.05400000000001,33.212,339.112,34.96000000000001,8.740000000000002,17.480000000000004,34.96000000000001
1062,54,0.8794520547945206,-6.8,-6.3,-2.5,2,7.7,12.3,14.2,13.2,8.9,4.4,-1.2,-5.1,646,499,101,60,340,0,0,0,0,0,0,0,371.105,37.835,33.81,362.25,32.2,8.05,16.1,32.2
1063,54,0.9945205479452055,-6.8,-6.3,-2.5,2,7.7,12.3,14.2,13.2,8.9,4.4,-1.2,-5.1,646,499,101,60,340,0,0,0,0,0,0,0,369.252,44.973,33.138,341.637,31.560000000000002,7.890000000000001,15.780000000000001,31.560000000000002
1064,54,1.284931506849315,-6.8,-6.3,-2.5,2,7.7,12.3,14.2,13.2,8.9,4.4,-1.2,-5.1,646,499,101,60,340,0,0,0,0,0,0,0,364.236,33.528,38.862,325.374,30.48,7.62,15.24,30.48
1065,54,1.9945205479452055,-6.8,-6.3,-2.5,2,7.7,12.3,14.2,13.2,8.9,4.4,-1.2,-5.1,646,499,101,60,340,0,0,0,0,0,0,0,329.92800000000005,53.124,25.164,290.78400000000005,27.96,6.99,13.98,27.96
1066,54,2.2986301369863016,-6.8,-6.3,-2.5,2,7.7,12.3,14.2,13.2,8.9,4.4,-1.2,-5.1,646,499,101,60,340,0,0,0,0,0,0,0,297.98,45.648,23.458000000000002,266.914,25.36,6.34,12.68,25.36
1067,54,2.9972602739726026,-6.8,-6.3,-2.5,2,7.7,12.3,14.2,13.2,8.9,4.4,-1.2,-5.1,646,499,101,60,340,0,0,0,0,0,0,0,246.02599999999998,26.817999999999998,32.065,278.091,23.32,5.83,11.66,23.32
1068,54,3.2986301369863016,-6.8,-6.3,-2.5,2,7.7,12.3,14.2,13.2,8.9,4.4,-1.2,-5.1,646,499,101,60,340,0,0,0,0,0,0,0,219.725,23.265,12.408000000000001,261.60200000000003,20.68,5.17,10.34,20.68
1069,54,3.9917808219178084,-6.8,-6.3,-2.5,2,7.7,12.3,14.2,13.2,8.9,4.4,-1.2,-5.1,646,499,101,60,340,0,0,0,0,0,0,0,211.26,29.174,15.593,246.973,20.12,5.03,10.06,20.12
1071,55,0.1863013698630137,-6.8,-6.3,-2.5,2,7.7,12.3,14.2,13.2,8.9,4.4,-1.2,-5.1,646,391,358,43,208,0,0,0,0,0,0,0,388.93799999999993,65.604,31.239999999999995,295.21799999999996,31.239999999999995,7.809999999999999,15.619999999999997,31.239999999999995
1072,55,0.2821917808219178,-6.8,-6.3,-2.5,2,7.7,12.3,14.2,13.2,8.9,4.4,-1.2,-5.1,646,391,358,43,208,0,0,0,0,0,0,0,366.54,57.365,25.33,295.765,29.8,7.45,14.9,29.8
1073,55,0.8794520547945206,-6.8,-6.3,-2.5,2,7.7,12.3,14.2,13.2,8.9,4.4,-1.2,-5.1,646,391,358,43,208,0,0,0,0,0,0,0,325.637,37.235,18.279,295.84900000000005,27.080000000000002,6.7700000000000005,13.540000000000001,27.080000000000002
1074,55,0.9945205479452055,-6.8,-6.3,-2.5,2,7.7,12.3,14.2,13.2,8.9,4.4,-1.2,-5.1,646,391,358,43,208,0,0,0,0,0,0,0,312.156,42.688,20.677,291.47900000000004,26.68,6.67,13.34,26.68
1075,55,1.284931506849315,-6.8,-6.3,-2.5,2,7.7,12.3,14.2,13.2,8.9,4.4,-1.2,-5.1,646,391,358,43,208,0,0,0,0,0,0,0,276.804,35.046,20.195999999999998,261.954,23.759999999999998,5.9399999999999995,11.879999999999999,23.759999999999998
1076,55,1.9945205479452055,-6.8,-6.3,-2.5,2,7.7,12.3,14.2,13.2,8.9,4.4,-1.2,-5.1,646,391,358,43,208,0,0,0,0,0,0,0,252.19199999999998,27.263999999999996,19.311999999999998,269.23199999999997,22.72,5.68,11.36,22.72
1077,55,2.2986301369863016,-6.8,-6.3,-2.5,2,7.7,12.3,14.2,13.2,8.9,4.4,-1.2,-5.1,646,391,358,43,208,0,0,0,0,0,0,0,202.464,28.272000000000002,12.768,212.496,18.240000000000002,4.5600000000000005,9.120000000000001,18.240000000000002
1078,55,2.9972602739726026,-6.8,-6.3,-2.5,2,7.7,12.3,14.2,13.2,8.9,4.4,-1.2,-5.1,646,391,358,43,208,0,0,0,0,0,0,0,160.85999999999999,20.682,22.979999999999997,178.47799999999998,15.319999999999999,3.8299999999999996,7.659999999999999,15.319999999999999
1079,55,3.2986301369863016,-6.8,-6.3,-2.5,2,7.7,12.3,14.2,13.2,8.9,4.4,-1.2,-5.1,646,391,358,43,208,0,0,0,0,0,0,0,149.988,17.4,7.308,173.304,13.919999999999998,3.4799999999999995,6.959999999999999,13.919999999999998
1080,55,3.9917808219178084,-6.8,-6.3,-2.5,2,7.7,12.3,14.2,13.2,8.9,4.4,-1.2,-5.1,646,391,358,43,208,0,0,0,0,0,0,0,137.816,22.54,7.728,153.916,12.88,3.22,6.44,12.88
1094,56,0.7150684931506849,-6.8,-6.3,-2.5,2,7.7,12.3,14.2,13.2,8.9,4.4,-1.2,-5.1,646,474,147,45,334,0,0,0,0,0,0,0,369.95399999999995,37.076,29.822,369.14799999999997,32.239999999999995,8.059999999999999,16.119999999999997,32.239999999999995
1095,56,1,-6.8,-6.3,-2.5,2,7.7,12.3,14.2,13.2,8.9,4.4,-1.2,-5.1,646,474,147,45,334,0,0,0,0,0,0,0,335.69699999999995,43.55799999999999,26.284999999999997,345.4599999999999,30.039999999999996,7.509999999999999,15.019999999999998,30.039999999999996
1096,56,1.1342465753424658,-6.8,-6.3,-2.5,2,7.7,12.3,14.2,13.2,8.9,4.4,-1.2,-5.1,646,474,147,45,334,0,0,0,0,0,0,0,312.455,39.324999999999996,26.455,336.765,28.599999999999998,7.1499999999999995,14.299999999999999,28.599999999999998
1097,56,1.8657534246575342,-6.8,-6.3,-2.5,2,7.7,12.3,14.2,13.2,8.9,4.4,-1.2,-5.1,646,474,147,45,334,0,0,0,0,0,0,0,278.85,32.5,31.85,306.8,26,6.5,13,26
1098,56,2.1123287671232878,-6.8,-6.3,-2.5,2,7.7,12.3,14.2,13.2,8.9,4.4,-1.2,-5.1,646,474,147,45,334,0,0,0,0,0,0,0,257.07,36.9,20.294999999999998,300.735,24.6,6.15,12.3,24.6
1099,56,2.745205479452055,-6.8,-6.3,-2.5,2,7.7,12.3,14.2,13.2,8.9,4.4,-1.2,-5.1,646,474,147,45,334,0,0,0,0,0,0,0,244.332,34.552,23.445999999999998,314.67,24.68,6.17,12.34,24.68
1100,56,2.8657534246575342,-6.8,-6.3,-2.5,2,7.7,12.3,14.2,13.2,8.9,4.4,-1.2,-5.1,646,474,147,45,334,0,0,0,0,0,0,0,236.58599999999998,38.528,18.662,308.224,24.08,6.02,12.04,24.08
1101,56,3.1123287671232878,-6.8,-6.3,-2.5,2,7.7,12.3,14.2,13.2,8.9,4.4,-1.2,-5.1,646,474,147,45,334,0,0,0,0,0,0,0,219.384,27.145999999999997,12.187999999999999,295.282,22.159999999999997,5.539999999999999,11.079999999999998,22.159999999999997
1102,56,3.706849315068493,-6.8,-6.3,-2.5,2,7.7,12.3,14.2,13.2,8.9,4.4,-1.2,-5.1,646,474,147,45,334,0,0,0,0,0,0,0,202.27900000000002,22.365000000000002,11.431000000000001,260.925,19.880000000000003,4.970000000000001,9.940000000000001,19.880000000000003
1103,56,3.8958904109589043,-6.8,-6.3,-2.5,2,7.7,12.3,14.2,13.2,8.9,4.4,-1.2,-5.1,646,474,147,45,334,0,0,0,0,0,0,0,196.02,28.71,11.385,258.885,19.8,4.95,9.9,19.8
1104,56,4.131506849315069,-6.8,-6.3,-2.5,2,7.7,12.3,14.2,13.2,8.9,4.4,-1.2,-5.1,646,474,147,45,334,0,0,0,0,0,0,0,185.535,20.925,13.020000000000001,245.52,18.6,4.65,9.3,18.6
1105,56,4.720547945205479,-6.8,-6.3,-2.5,2,7.7,12.3,14.2,13.2,8.9,4.4,-1.2,-5.1,646,474,147,45,334,0,0,0,0,0,0,0,154.786,25.263,12.832,208.119,16.04,4.01,8.02,16.04
1106,56,5.123287671232877,-6.8,-6.3,-2.5,2,7.7,12.3,14.2,13.2,8.9,4.4,-1.2,-5.1,646,474,147,45,334,0,0,0,0,0,0,0,147.45499999999998,21.447999999999997,12.255999999999998,201.84099999999998,15.319999999999999,3.8299999999999996,7.659999999999999,15.319999999999999
1108,57,0.7150684931506849,-6.8,-6.3,-2.5,2,7.7,12.3,14.2,13.2,8.9,4.4,-1.2,-5.1,646,422,203,35,340,0,0,0,0,0,0,0,359.572,37.3,25.364,323.764,29.84,7.46,14.92,29.84
1109,57,1,-6.8,-6.3,-2.5,2,7.7,12.3,14.2,13.2,8.9,4.4,-1.2,-5.1,646,422,203,35,340,0,0,0,0,0,0,0,297.92499999999995,34.349,21.029999999999998,347.69599999999997,28.04,7.01,14.02,28.04
1110,57,1.1342465753424658,-6.8,-6.3,-2.5,2,7.7,12.3,14.2,13.2,8.9,4.4,-1.2,-5.1,646,422,203,35,340,0,0,0,0,0,0,0,272.16,23.520000000000003,22.848000000000003,353.47200000000004,26.880000000000003,6.720000000000001,13.440000000000001,26.880000000000003
1111,57,1.8657534246575342,-6.8,-6.3,-2.5,2,7.7,12.3,14.2,13.2,8.9,4.4,-1.2,-5.1,646,422,203,35,340,0,0,0,0,0,0,0,248.75,28.75,28.75,318.75,25,6.25,12.5,25
1112,57,2.1123287671232878,-6.8,-6.3,-2.5,2,7.7,12.3,14.2,13.2,8.9,4.4,-1.2,-5.1,646,422,203,35,340,0,0,0,0,0,0,0,239.184,30.2,21.744,312.872,24.16,6.04,12.08,24.16
1113,57,2.745205479452055,-6.8,-6.3,-2.5,2,7.7,12.3,14.2,13.2,8.9,4.4,-1.2,-5.1,646,422,203,35,340,0,0,0,0,0,0,0,220.374,31.482,22.154,308.98999999999995,23.32,5.83,11.66,23.32
1114,57,2.8657534246575342,-6.8,-6.3,-2.5,2,7.7,12.3,14.2,13.2,8.9,4.4,-1.2,-5.1,646,422,203,35,340,0,0,0,0,0,0,0,181.17800000000003,25.965000000000003,19.041000000000004,350.81600000000003,23.080000000000002,5.7700000000000005,11.540000000000001,23.080000000000002
1115,57,3.1123287671232878,-6.8,-6.3,-2.5,2,7.7,12.3,14.2,13.2,8.9,4.4,-1.2,-5.1,646,422,203,35,340,0,0,0,0,0,0,0,191.722,30.326,11.308,280.644,20.560000000000002,5.140000000000001,10.280000000000001,20.560000000000002
1116,57,3.706849315068493,-6.8,-6.3,-2.5,2,7.7,12.3,14.2,13.2,8.9,4.4,-1.2,-5.1,646,422,203,35,340,0,0,0,0,0,0,0,206.448,26.400000000000002,11.616,283.536,21.12,5.28,10.56,21.12
1117,57,3.8958904109589043,-6.8,-6.3,-2.5,2,7.7,12.3,14.2,13.2,8.9,4.4,-1.2,-5.1,646,422,203,35,340,0,0,0,0,0,0,0,187.98200000000003,29.707000000000004,9.74,259.571,19.48,4.87,9.74,19.48
1118,57,4.131506849315069,-6.8,-6.3,-2.5,2,7.7,12.3,14.2,13.2,8.9,4.4,-1.2,-5.1,646,422,203,35,340,0,0,0,0,0,0,0,186.438,18.837,11.591999999999999,266.133,19.32,4.83,9.66,19.32
1119,57,4.720547945205479,-6.8,-6.3,-2.5,2,7.7,12.3,14.2,13.2,8.9,4.4,-1.2,-5.1,646,422,203,35,340,0,0,0,0,0,0,0,174.36999999999998,27.729999999999997,14.1,253.79999999999998,18.799999999999997,4.699999999999999,9.399999999999999,18.799999999999997
1120,57,5.123287671232877,-6.8,-6.3,-2.5,2,7.7,12.3,14.2,13.2,8.9,4.4,-1.2,-5.1,646,422,203,35,340,0,0,0,0,0,0,0,145.536,19.2,11.904,207.36,15.36,3.84,7.68,15.36
1122,58,0.7150684931506849,-6.8,-6.3,-2.5,2,7.7,12.3,14.2,13.2,8.9,4.4,-1.2,-5.1,646,409,302,47,242,0,0,0,0,0,0,0,321.104,34.592,36.848,359.456,30.08,7.52,15.04,30.08
1123,58,1,-6.8,-6.3,-2.5,2,7.7,12.3,14.2,13.2,8.9,4.4,-1.2,-5.1,646,409,302,47,242,0,0,0,0,0,0,0,331.82,37.418,31.77,304.99199999999996,28.24,7.06,14.12,28.24
1124,58,1.1342465753424658,-6.8,-6.3,-2.5,2,7.7,12.3,14.2,13.2,8.9,4.4,-1.2,-5.1,646,409,302,47,242,0,0,0,0,0,0,0,307.487,32.016000000000005,26.013,301.48400000000004,26.68,6.67,13.34,26.68
1125,58,1.7123287671232876,-6.8,-6.3,-2.5,2,7.7,12.3,14.2,13.2,8.9,4.4,-1.2,-5.1,646,409,302,47,242,0,0,0,0,0,0,0,297.964,27.384,34.556000000000004,292.096,26.080000000000002,6.5200000000000005,13.040000000000001,26.080000000000002
1126,58,1.8657534246575342,-6.8,-6.3,-2.5,2,7.7,12.3,14.2,13.2,8.9,4.4,-1.2,-5.1,646,409,302,47,242,0,0,0,0,0,0,0,285.039,34.155,25.461,276.34499999999997,24.84,6.21,12.42,24.84
1128,59,0.7150684931506849,-6.8,-6.3,-2.5,2,7.7,12.3,14.2,13.2,8.9,4.4,-1.2,-5.1,646,443,158,29,370,0,0,0,0,0,0,0,388.77599999999995,33.367999999999995,23.279999999999998,330.57599999999996,31.039999999999996,7.759999999999999,15.519999999999998,31.039999999999996
1129,59,1,-6.8,-6.3,-2.5,2,7.7,12.3,14.2,13.2,8.9,4.4,-1.2,-5.1,646,443,158,29,370,0,0,0,0,0,0,0,298.599,34.704,24.582,365.115,28.919999999999998,7.2299999999999995,14.459999999999999,28.919999999999998
1130,59,1.1342465753424658,-6.8,-6.3,-2.5,2,7.7,12.3,14.2,13.2,8.9,4.4,-1.2,-5.1,646,443,158,29,370,0,0,0,0,0,0,0,278.694,28.782000000000004,21.762,372.76200000000006,28.080000000000002,7.0200000000000005,14.040000000000001,28.080000000000002
1131,59,1.7123287671232876,-6.8,-6.3,-2.5,2,7.7,12.3,14.2,13.2,8.9,4.4,-1.2,-5.1,646,443,158,29,370,0,0,0,0,0,0,0,260.936,29.743999999999996,27.715999999999998,357.604,27.04,6.76,13.52,27.04
1132,59,1.8657534246575342,-6.8,-6.3,-2.5,2,7.7,12.3,14.2,13.2,8.9,4.4,-1.2,-5.1,646,443,158,29,370,0,0,0,0,0,0,0,253.87199999999996,35.42399999999999,22.304,344.4,26.239999999999995,6.559999999999999,13.119999999999997,26.239999999999995
1133,59,2.1123287671232878,-6.8,-6.3,-2.5,2,7.7,12.3,14.2,13.2,8.9,4.4,-1.2,-5.1,646,443,158,29,370,0,0,0,0,0,0,0,240.524,34.54,21.352,331.584,25.12,6.28,12.56,25.12
1134,59,2.745205479452055,-6.8,-6.3,-2.5,2,7.7,12.3,14.2,13.2,8.9,4.4,-1.2,-5.1,646,443,158,29,370,0,0,0,0,0,0,0,226.577,32.454,19.232,322.73699999999997,24.04,6.01,12.02,24.04
1135,59,2.8657534246575342,-6.8,-6.3,-2.5,2,7.7,12.3,14.2,13.2,8.9,4.4,-1.2,-5.1,646,443,158,29,370,0,0,0,0,0,0,0,210.515,31.429,27.871,323.185,23.72,5.93,11.86,23.72
1136,59,3.1123287671232878,-6.8,-6.3,-2.5,2,7.7,12.3,14.2,13.2,8.9,4.4,-1.2,-5.1,646,443,158,29,370,0,0,0,0,0,0,0,194.854,31.26,8.857000000000001,286.029,20.84,5.21,10.42,20.84
1137,59,3.706849315068493,-6.8,-6.3,-2.5,2,7.7,12.3,14.2,13.2,8.9,4.4,-1.2,-5.1,646,443,158,29,370,0,0,0,0,0,0,0,186.847,23.664,9.86,272.629,19.72,4.93,9.86,19.72
1138,59,3.8958904109589043,-6.8,-6.3,-2.5,2,7.7,12.3,14.2,13.2,8.9,4.4,-1.2,-5.1,646,443,158,29,370,0,0,0,0,0,0,0,180.95999999999998,27.36,10.08,261.59999999999997,19.2,4.8,9.6,19.2
1140,60,0.0821917808219178,-6.8,-6.3,-2.5,2,7.7,12.3,14.2,13.2,8.9,4.4,-1.2,-5.1,646,481,114,61,344,0,0,0,0,0,0,0,472.017,62.376999999999995,41.894999999999996,354.71099999999996,37.239999999999995,9.309999999999999,18.619999999999997,37.239999999999995
1141,60,0.1780821917808219,-6.8,-6.3,-2.5,2,7.7,12.3,14.2,13.2,8.9,4.4,-1.2,-5.1,646,481,114,61,344,0,0,0,0,0,0,0,452.7,49.5,47.7,350.1,36,9,18,36
1142,60,0.6958904109589041,-6.8,-6.3,-2.5,2,7.7,12.3,14.2,13.2,8.9,4.4,-1.2,-5.1,646,481,114,61,344,0,0,0,0,0,0,0,407.337,36.652,38.318,350.693,33.32,8.33,16.66,33.32
1143,60,0.8493150684931506,-6.8,-6.3,-2.5,2,7.7,12.3,14.2,13.2,8.9,4.4,-1.2,-5.1,646,481,114,61,344,0,0,0,0,0,0,0,393.156,38.592,34.572,337.68,32.160000000000004,8.040000000000001,16.080000000000002,32.160000000000004
1144,60,0.989041095890411,-6.8,-6.3,-2.5,2,7.7,12.3,14.2,13.2,8.9,4.4,-1.2,-5.1,646,481,114,61,344,0,0,0,0,0,0,0,376.04,35.550000000000004,38.71,339.7,31.6,7.9,15.8,31.6
1145,60,1.158904109589041,-6.8,-6.3,-2.5,2,7.7,12.3,14.2,13.2,8.9,4.4,-1.2,-5.1,646,481,114,61,344,0,0,0,0,0,0,0,334.48,40.7,30.34,334.48,29.6,7.4,14.8,29.6
1146,60,1.7287671232876711,-6.8,-6.3,-2.5,2,7.7,12.3,14.2,13.2,8.9,4.4,-1.2,-5.1,646,481,114,61,344,0,0,0,0,0,0,0,313.551,37.683,29.151,330.615,28.439999999999998,7.109999999999999,14.219999999999999,28.439999999999998
1147,60,1.8493150684931507,-6.8,-6.3,-2.5,2,7.7,12.3,14.2,13.2,8.9,4.4,-1.2,-5.1,646,481,114,61,344,0,0,0,0,0,0,0,279.07,36.993,37.642,295.295,25.96,6.49,12.98,25.96
1148,60,2.0164383561643837,-6.8,-6.3,-2.5,2,7.7,12.3,14.2,13.2,8.9,4.4,-1.2,-5.1,646,481,114,61,344,0,0,0,0,0,0,0,267.46,44.784,26.746,283.01,24.88,6.22,12.44,24.88
1149,60,2.1780821917808217,-6.8,-6.3,-2.5,2,7.7,12.3,14.2,13.2,8.9,4.4,-1.2,-5.1,646,481,114,61,344,0,0,0,0,0,0,0,284.688,36.245000000000005,23.724,314.343,26.36,6.59,13.18,26.36
1150,60,2.6904109589041094,-6.8,-6.3,-2.5,2,7.7,12.3,14.2,13.2,8.9,4.4,-1.2,-5.1,646,481,114,61,344,0,0,0,0,0,0,0,254.13,31.913999999999998,16.548,288.40799999999996,23.64,5.91,11.82,23.64
1151,60,2.8794520547945206,-6.8,-6.3,-2.5,2,7.7,12.3,14.2,13.2,8.9,4.4,-1.2,-5.1,646,481,114,61,344,0,0,0,0,0,0,0,251.126,34.384,20.262,308.228,24.56,6.14,12.28,24.56
1152,60,3.0356164383561643,-6.8,-6.3,-2.5,2,7.7,12.3,14.2,13.2,8.9,4.4,-1.2,-5.1,646,481,114,61,344,0,0,0,0,0,0,0,260.043,24.36,17.052,307.545,24.36,6.09,12.18,24.36
1153,60,3.115068493150685,-6.8,-6.3,-2.5,2,7.7,12.3,14.2,13.2,8.9,4.4,-1.2,-5.1,646,481,114,61,344,0,0,0,0,0,0,0,236.73499999999999,27.685,20.339999999999996,280.23999999999995,22.599999999999998,5.6499999999999995,11.299999999999999,22.599999999999998
1154,60,3.7041095890410958,-6.8,-6.3,-2.5,2,7.7,12.3,14.2,13.2,8.9,4.4,-1.2,-5.1,646,481,114,61,344,0,0,0,0,0,0,0,220.17000000000002,20.943,15.036000000000001,280.851,21.48,5.37,10.74,21.48
1155,60,4.032876712328767,-6.8,-6.3,-2.5,2,7.7,12.3,14.2,13.2,8.9,4.4,-1.2,-5.1,646,481,114,61,344,0,0,0,0,0,0,0,202.10500000000002,18.506,15.097000000000001,251.29200000000003,19.48,4.87,9.74,19.48
1157,61,0.0821917808219178,-6.8,-6.3,-2.5,2,7.7,12.3,14.2,13.2,8.9,4.4,-1.2,-5.1,646,477,68,48,407,0,0,0,0,0,0,0,465.06399999999996,55.274,26.683999999999997,405.978,38.12,9.53,19.06,38.12
1158,61,0.1780821917808219,-6.8,-6.3,-2.5,2,7.7,12.3,14.2,13.2,8.9,4.4,-1.2,-5.1,646,477,68,48,407,0,0,0,0,0,0,0,444,41.625,36.075,403.3,37,9.25,18.5,37
1159,61,0.6958904109589041,-6.8,-6.3,-2.5,2,7.7,12.3,14.2,13.2,8.9,4.4,-1.2,-5.1,646,477,68,48,407,0,0,0,0,0,0,0,417.07,49.225,34.905,393.8,35.8,8.95,17.9,35.8
1160,61,0.8493150684931506,-6.8,-6.3,-2.5,2,7.7,12.3,14.2,13.2,8.9,4.4,-1.2,-5.1,646,477,68,48,407,0,0,0,0,0,0,0,391.527,34.12,32.414,394.93899999999996,34.12,8.53,17.06,34.12
1161,61,0.989041095890411,-6.8,-6.3,-2.5,2,7.7,12.3,14.2,13.2,8.9,4.4,-1.2,-5.1,646,477,68,48,407,0,0,0,0,0,0,0,374.54999999999995,41.25,37.125,372.075,33,8.25,16.5,33
1162,61,1.158904109589041,-6.8,-6.3,-2.5,2,7.7,12.3,14.2,13.2,8.9,4.4,-1.2,-5.1,646,477,68,48,407,0,0,0,0,0,0,0,348.91999999999996,46.787,31.72,365.573,31.72,7.93,15.86,31.72
1163,61,1.7287671232876711,-6.8,-6.3,-2.5,2,7.7,12.3,14.2,13.2,8.9,4.4,-1.2,-5.1,646,477,68,48,407,0,0,0,0,0,0,0,308.698,32.172,26.043999999999997,399.08599999999996,30.639999999999997,7.659999999999999,15.319999999999999,30.639999999999997
1164,61,1.8493150684931507,-6.8,-6.3,-2.5,2,7.7,12.3,14.2,13.2,8.9,4.4,-1.2,-5.1,646,477,68,48,407,0,0,0,0,0,0,0,297.44,37.18,33.605,346.775,28.599999999999998,7.1499999999999995,14.299999999999999,28.599999999999998
1165,61,2.0164383561643837,-6.8,-6.3,-2.5,2,7.7,12.3,14.2,13.2,8.9,4.4,-1.2,-5.1,646,477,68,48,407,0,0,0,0,0,0,0,279.89099999999996,41.541,28.601999999999997,330.96599999999995,27.24,6.81,13.62,27.24
1166,61,2.1780821917808217,-6.8,-6.3,-2.5,2,7.7,12.3,14.2,13.2,8.9,4.4,-1.2,-5.1,646,477,68,48,407,0,0,0,0,0,0,0,267.64799999999997,43.29599999999999,24.927999999999997,320.128,26.239999999999995,6.559999999999999,13.119999999999997,26.239999999999995
1167,61,2.6904109589041094,-6.8,-6.3,-2.5,2,7.7,12.3,14.2,13.2,8.9,4.4,-1.2,-5.1,646,477,68,48,407,0,0,0,0,0,0,0,262.92,28.796,14.398,319.886,25.04,6.26,12.52,25.04
1168,61,2.8794520547945206,-6.8,-6.3,-2.5,2,7.7,12.3,14.2,13.2,8.9,4.4,-1.2,-5.1,646,477,68,48,407,0,0,0,0,0,0,0,244.956,30.991999999999997,17.88,302.17199999999997,23.84,5.96,11.92,23.84
1169,61,3.0356164383561643,-6.8,-6.3,-2.5,2,7.7,12.3,14.2,13.2,8.9,4.4,-1.2,-5.1,646,477,68,48,407,0,0,0,0,0,0,0,244.77900000000002,26.415000000000003,15.262000000000002,300.54400000000004,23.480000000000004,5.870000000000001,11.740000000000002,23.480000000000004
1170,61,3.115068493150685,-6.8,-6.3,-2.5,2,7.7,12.3,14.2,13.2,8.9,4.4,-1.2,-5.1,646,477,68,48,407,0,0,0,0,0,0,0,247.79999999999998,26.4,20.4,305.4,24,6,12,24
1171,61,3.7041095890410958,-6.8,-6.3,-2.5,2,7.7,12.3,14.2,13.2,8.9,4.4,-1.2,-5.1,646,477,68,48,407,0,0,0,0,0,0,0,221.84400000000002,18.62,12.236,279.3,21.28,5.32,10.64,21.28
1172,61,4.032876712328767,-6.8,-6.3,-2.5,2,7.7,12.3,14.2,13.2,8.9,4.4,-1.2,-5.1,646,477,68,48,407,0,0,0,0,0,0,0,219.66,17.782,14.644,270.914,20.92,5.23,10.46,20.92
1422,62,0.0821917808219178,-6.8,-6.3,-2.5,2,7.7,12.3,14.2,13.2,8.9,4.4,-1.2,-5.1,646,481,114,61,344,0,0,0,0,0,0,0,461.421,46.05,52.49699999999999,361.032,36.839999999999996,9.209999999999999,18.419999999999998,36.839999999999996
1423,62,0.1780821917808219,-6.8,-6.3,-2.5,2,7.7,12.3,14.2,13.2,8.9,4.4,-1.2,-5.1,646,481,114,61,344,0,0,0,0,0,0,0,458.488,44.6,38.356,350.556,35.68,8.92,17.84,35.68
1424,62,0.6958904109589041,-6.8,-6.3,-2.5,2,7.7,12.3,14.2,13.2,8.9,4.4,-1.2,-5.1,646,481,114,61,344,0,0,0,0,0,0,0,416.85900000000004,39.903000000000006,38.205000000000005,354.033,33.96,8.49,16.98,33.96
1425,62,0.8493150684931506,-6.8,-6.3,-2.5,2,7.7,12.3,14.2,13.2,8.9,4.4,-1.2,-5.1,646,481,114,61,344,0,0,0,0,0,0,0,405.55199999999996,24.479999999999997,34.272,351.69599999999997,32.64,8.16,16.32,32.64
1426,62,0.989041095890411,-6.8,-6.3,-2.5,2,7.7,12.3,14.2,13.2,8.9,4.4,-1.2,-5.1,646,481,114,61,344,0,0,0,0,0,0,0,378.738,36.524,37.318000000000005,341.42,31.76,7.94,15.88,31.76
1427,62,1.158904109589041,-6.8,-6.3,-2.5,2,7.7,12.3,14.2,13.2,8.9,4.4,-1.2,-5.1,646,481,114,61,344,0,0,0,0,0,0,0,344.367,38.844,29.88,333.909,29.88,7.47,14.94,29.88
1428,62,1.7287671232876711,-6.8,-6.3,-2.5,2,7.7,12.3,14.2,13.2,8.9,4.4,-1.2,-5.1,646,481,114,61,344,0,0,0,0,0,0,0,297.5,42,27.299999999999997,333.2,28,7,14,28
1429,62,1.8493150684931507,-6.8,-6.3,-2.5,2,7.7,12.3,14.2,13.2,8.9,4.4,-1.2,-5.1,646,481,114,61,344,0,0,0,0,0,0,0,310.218,37.476000000000006,25.678,320.62800000000004,27.76,6.94,13.88,27.76
1430,62,2.0164383561643837,-6.8,-6.3,-2.5,2,7.7,12.3,14.2,13.2,8.9,4.4,-1.2,-5.1,646,481,114,61,344,0,0,0,0,0,0,0,286.87399999999997,34.37199999999999,11.897999999999998,327.85599999999994,26.439999999999998,6.609999999999999,13.219999999999999,26.439999999999998
1431,62,2.1780821917808217,-6.8,-6.3,-2.5,2,7.7,12.3,14.2,13.2,8.9,4.4,-1.2,-5.1,646,481,114,61,344,0,0,0,0,0,0,0,278.2,39.65,20.150000000000002,312,26,6.5,13,26
1432,62,2.6904109589041094,-6.8,-6.3,-2.5,2,7.7,12.3,14.2,13.2,8.9,4.4,-1.2,-5.1,646,481,114,61,344,0,0,0,0,0,0,0,268.182,39.942,19.654,306.222,25.36,6.34,12.68,25.36
1433,62,2.8794520547945206,-6.8,-6.3,-2.5,2,7.7,12.3,14.2,13.2,8.9,4.4,-1.2,-5.1,646,481,114,61,344,0,0,0,0,0,0,0,255.816,29.988,17.748,308.448,24.48,6.12,12.24,24.48
1434,62,3.0356164383561643,-6.8,-6.3,-2.5,2,7.7,12.3,14.2,13.2,8.9,4.4,-1.2,-5.1,646,481,114,61,344,0,0,0,0,0,0,0,247.825,28.749999999999996,14.374999999999998,284.04999999999995,23,5.75,11.5,23
1435,62,3.115068493150685,-6.8,-6.3,-2.5,2,7.7,12.3,14.2,13.2,8.9,4.4,-1.2,-5.1,646,481,114,61,344,0,0,0,0,0,0,0,236.04000000000002,29.786,15.736,280.43800000000005,22.480000000000004,5.620000000000001,11.240000000000002,22.480000000000004
1436,62,3.7041095890410958,-6.8,-6.3,-2.5,2,7.7,12.3,14.2,13.2,8.9,4.4,-1.2,-5.1,646,481,114,61,344,0,0,0,0,0,0,0,230.15999999999997,28.495999999999995,12.604,276.73999999999995,21.919999999999998,5.4799999999999995,10.959999999999999,21.919999999999998
1437,62,4.032876712328767,-6.8,-6.3,-2.5,2,7.7,12.3,14.2,13.2,8.9,4.4,-1.2,-5.1,646,481,114,61,344,0,0,0,0,0,0,0,213.309,18.684,14.013,272.994,20.76,5.19,10.38,20.76
1439,63,0.0821917808219178,-6.8,-6.3,-2.5,2,7.7,12.3,14.2,13.2,8.9,4.4,-1.2,-5.1,646,477,68,48,407,0,0,0,0,0,0,0,458.298,38.663,39.605999999999995,406.433,37.72,9.43,18.86,37.72
1440,63,0.1780821917808219,-6.8,-6.3,-2.5,2,7.7,12.3,14.2,13.2,8.9,4.4,-1.2,-5.1,646,477,68,48,407,0,0,0,0,0,0,0,437.92,47.84,33.120000000000005,401.12,36.800000000000004,9.200000000000001,18.400000000000002,36.800000000000004
1441,63,0.6958904109589041,-6.8,-6.3,-2.5,2,7.7,12.3,14.2,13.2,8.9,4.4,-1.2,-5.1,646,477,68,48,407,0,0,0,0,0,0,0,412.996,41.924,33.004,404.076,35.68,8.92,17.84,35.68
1442,63,0.8493150684931506,-6.8,-6.3,-2.5,2,7.7,12.3,14.2,13.2,8.9,4.4,-1.2,-5.1,646,477,68,48,407,0,0,0,0,0,0,0,395.40200000000004,29.890000000000004,29.036,399.672,34.160000000000004,8.540000000000001,17.080000000000002,34.160000000000004
1443,63,0.989041095890411,-6.8,-6.3,-2.5,2,7.7,12.3,14.2,13.2,8.9,4.4,-1.2,-5.1,646,477,68,48,407,0,0,0,0,0,0,0,377.15999999999997,38.64,38.64,385.56,33.6,8.4,16.8,33.6
1444,63,1.158904109589041,-6.8,-6.3,-2.5,2,7.7,12.3,14.2,13.2,8.9,4.4,-1.2,-5.1,646,477,68,48,407,0,0,0,0,0,0,0,354.09000000000003,50.468,26.862000000000002,382.58000000000004,32.56,8.14,16.28,32.56
1445,63,1.7287671232876711,-6.8,-6.3,-2.5,2,7.7,12.3,14.2,13.2,8.9,4.4,-1.2,-5.1,646,477,68,48,407,0,0,0,0,0,0,0,315.462,38.073,26.418,397.047,31.080000000000002,7.7700000000000005,15.540000000000001,31.080000000000002
1446,63,1.8493150684931507,-6.8,-6.3,-2.5,2,7.7,12.3,14.2,13.2,8.9,4.4,-1.2,-5.1,646,477,68,48,407,0,0,0,0,0,0,0,313.02,38.48,28.12,360.38,29.6,7.4,14.8,29.6
1447,63,2.0164383561643837,-6.8,-6.3,-2.5,2,7.7,12.3,14.2,13.2,8.9,4.4,-1.2,-5.1,646,477,68,48,407,0,0,0,0,0,0,0,289.97999999999996,38.664,25.776,361.58,28.64,7.16,14.32,28.64
1448,63,2.1780821917808217,-6.8,-6.3,-2.5,2,7.7,12.3,14.2,13.2,8.9,4.4,-1.2,-5.1,646,477,68,48,407,0,0,0,0,0,0,0,298.48900000000003,34.74100000000001,20.561000000000003,355.20900000000006,28.360000000000003,7.090000000000001,14.180000000000001,28.360000000000003
1449,63,2.6904109589041094,-6.8,-6.3,-2.5,2,7.7,12.3,14.2,13.2,8.9,4.4,-1.2,-5.1,646,477,68,48,407,0,0,0,0,0,0,0,264.62,37.335,18.995,334.05,26.200000000000003,6.550000000000001,13.100000000000001,26.200000000000003
1450,63,2.8794520547945206,-6.8,-6.3,-2.5,2,7.7,12.3,14.2,13.2,8.9,4.4,-1.2,-5.1,646,477,68,48,407,0,0,0,0,0,0,0,275.145,30.497999999999998,15.911999999999999,341.44499999999994,26.519999999999996,6.629999999999999,13.259999999999998,26.519999999999996
1451,63,3.0356164383561643,-6.8,-6.3,-2.5,2,7.7,12.3,14.2,13.2,8.9,4.4,-1.2,-5.1,646,477,68,48,407,0,0,0,0,0,0,0,246.61999999999998,28.91,14.75,299.71999999999997,23.599999999999998,5.8999999999999995,11.799999999999999,23.599999999999998
1452,63,3.115068493150685,-6.8,-6.3,-2.5,2,7.7,12.3,14.2,13.2,8.9,4.4,-1.2,-5.1,646,477,68,48,407,0,0,0,0,0,0,0,230.98200000000003,35.406000000000006,16.298000000000002,279.314,22.480000000000004,5.620000000000001,11.240000000000002,22.480000000000004
1453,63,3.7041095890410958,-6.8,-6.3,-2.5,2,7.7,12.3,14.2,13.2,8.9,4.4,-1.2,-5.1,646,477,68,48,407,0,0,0,0,0,0,0,222.62999999999997,21.176999999999996,13.031999999999998,286.16099999999994,21.72,5.43,10.86,21.72
1454,63,4.032876712328767,-6.8,-6.3,-2.5,2,7.7,12.3,14.2,13.2,8.9,4.4,-1.2,-5.1,646,477,68,48,407,0,0,0,0,0,0,0,202.935,17.115,12.714,256.236,19.56,4.89,9.78,19.56
1456,64,0.0821917808219178,-6.8,-6.3,-2.5,2,7.7,12.3,14.2,13.2,8.9,4.4,-1.2,-5.1,646,494,83,53,370,0,0,0,0,0,0,0,479.478,51.81,44.274,366.43800000000005,37.68,9.42,18.84,37.68
1457,64,0.1780821917808219,-6.8,-6.3,-2.5,2,7.7,12.3,14.2,13.2,8.9,4.4,-1.2,-5.1,646,494,83,53,370,0,0,0,0,0,0,0,431.81399999999996,42.81699999999999,44.638999999999996,391.72999999999996,36.44,9.11,18.22,36.44
1458,64,0.6958904109589041,-6.8,-6.3,-2.5,2,7.7,12.3,14.2,13.2,8.9,4.4,-1.2,-5.1,646,494,83,53,370,0,0,0,0,0,0,0,420.39400000000006,47.196000000000005,35.834,370.576,34.96000000000001,8.740000000000002,17.480000000000004,34.96000000000001
1459,64,0.8493150684931506,-6.8,-6.3,-2.5,2,7.7,12.3,14.2,13.2,8.9,4.4,-1.2,-5.1,646,494,83,53,370,0,0,0,0,0,0,0,396.111,39.527,46.254999999999995,359.10699999999997,33.64,8.41,16.82,33.64
1460,64,0.989041095890411,-6.8,-6.3,-2.5,2,7.7,12.3,14.2,13.2,8.9,4.4,-1.2,-5.1,646,494,83,53,370,0,0,0,0,0,0,0,386.92499999999995,49.5,29.7,358.875,33,8.25,16.5,33
1461,64,1.158904109589041,-6.8,-6.3,-2.5,2,7.7,12.3,14.2,13.2,8.9,4.4,-1.2,-5.1,646,494,83,53,370,0,0,0,0,0,0,0,348.48,35.64,43.56,364.32,31.68,7.92,15.84,31.68
1462,64,1.7287671232876711,-6.8,-6.3,-2.5,2,7.7,12.3,14.2,13.2,8.9,4.4,-1.2,-5.1,646,494,83,53,370,0,0,0,0,0,0,0,327.42,34.425,28.305,374.85,30.6,7.65,15.3,30.6
1463,64,1.8493150684931507,-6.8,-6.3,-2.5,2,7.7,12.3,14.2,13.2,8.9,4.4,-1.2,-5.1,646,494,83,53,370,0,0,0,0,0,0,0,313.74,32.121,38.844,362.295,29.88,7.47,14.94,29.88
1464,64,2.0164383561643837,-6.8,-6.3,-2.5,2,7.7,12.3,14.2,13.2,8.9,4.4,-1.2,-5.1,646,494,83,53,370,0,0,0,0,0,0,0,296.07,40.47,24.849999999999998,348.60999999999996,28.4,7.1,14.2,28.4
1465,64,2.1780821917808217,-6.8,-6.3,-2.5,2,7.7,12.3,14.2,13.2,8.9,4.4,-1.2,-5.1,646,494,83,53,370,0,0,0,0,0,0,0,283.584,35.616,20.16,332.64000000000004,26.880000000000003,6.720000000000001,13.440000000000001,26.880000000000003
1466,64,2.6904109589041094,-6.8,-6.3,-2.5,2,7.7,12.3,14.2,13.2,8.9,4.4,-1.2,-5.1,646,494,83,53,370,0,0,0,0,0,0,0,266.89500000000004,36.904,19.77,335.43100000000004,26.36,6.59,13.18,26.36
1467,64,2.8794520547945206,-6.8,-6.3,-2.5,2,7.7,12.3,14.2,13.2,8.9,4.4,-1.2,-5.1,646,494,83,53,370,0,0,0,0,0,0,0,263.90000000000003,27.3,20.8,338,26,6.5,13,26
1468,64,3.0356164383561643,-6.8,-6.3,-2.5,2,7.7,12.3,14.2,13.2,8.9,4.4,-1.2,-5.1,646,494,83,53,370,0,0,0,0,0,0,0,247.79999999999998,27.139999999999997,17.11,297.95,23.599999999999998,5.8999999999999995,11.799999999999999,23.599999999999998
1469,64,3.115068493150685,-6.8,-6.3,-2.5,2,7.7,12.3,14.2,13.2,8.9,4.4,-1.2,-5.1,646,494,83,53,370,0,0,0,0,0,0,0,241.164,27.918,17.82,307.098,23.759999999999998,5.9399999999999995,11.879999999999999,23.759999999999998
1470,64,3.7041095890410958,-6.8,-6.3,-2.5,2,7.7,12.3,14.2,13.2,8.9,4.4,-1.2,-5.1,646,494,83,53,370,0,0,0,0,0,0,0,213.435,29.512,14.229000000000001,269.824,21.080000000000002,5.2700000000000005,10.540000000000001,21.080000000000002
1471,64,4.032876712328767,-6.8,-6.3,-2.5,2,7.7,12.3,14.2,13.2,8.9,4.4,-1.2,-5.1,646,494,83,53,370,0,0,0,0,0,0,0,190.112,17.823,13.71,235.35500000000002,18.28,4.57,9.14,18.28
1473,65,0.0821917808219178,-6.8,-6.3,-2.5,2,7.7,12.3,14.2,13.2,8.9,4.4,-1.2,-5.1,646,482,87,47,384,0,0,0,0,0,0,0,475.406,42.964000000000006,45.766000000000005,369.86400000000003,37.36,9.34,18.68,37.36
1474,65,0.1780821917808219,-6.8,-6.3,-2.5,2,7.7,12.3,14.2,13.2,8.9,4.4,-1.2,-5.1,646,482,87,47,384,0,0,0,0,0,0,0,453.808,43.392,43.392,363.408,36.160000000000004,9.040000000000001,18.080000000000002,36.160000000000004
1475,65,0.6958904109589041,-6.8,-6.3,-2.5,2,7.7,12.3,14.2,13.2,8.9,4.4,-1.2,-5.1,646,482,87,47,384,0,0,0,0,0,0,0,426.564,44.217,36.414,359.805,34.68,8.67,17.34,34.68
1476,65,0.8493150684931506,-6.8,-6.3,-2.5,2,7.7,12.3,14.2,13.2,8.9,4.4,-1.2,-5.1,646,482,87,47,384,0,0,0,0,0,0,0,418.50000000000006,30.969,32.643,354.88800000000003,33.480000000000004,8.370000000000001,16.740000000000002,33.480000000000004
1477,65,0.989041095890411,-6.8,-6.3,-2.5,2,7.7,12.3,14.2,13.2,8.9,4.4,-1.2,-5.1,646,482,87,47,384,0,0,0,0,0,0,0,387.36,38.736000000000004,35.508,345.396,32.28,8.07,16.14,32.28
1478,65,1.158904109589041,-6.8,-6.3,-2.5,2,7.7,12.3,14.2,13.2,8.9,4.4,-1.2,-5.1,646,482,87,47,384,0,0,0,0,0,0,0,362.7,35.65,28.675,347.975,31,7.75,15.5,31
1479,65,1.7287671232876711,-6.8,-6.3,-2.5,2,7.7,12.3,14.2,13.2,8.9,4.4,-1.2,-5.1,646,482,87,47,384,0,0,0,0,0,0,0,344.832,26.88,29.184,367.104,30.72,7.68,15.36,30.72
1480,65,1.8493150684931507,-6.8,-6.3,-2.5,2,7.7,12.3,14.2,13.2,8.9,4.4,-1.2,-5.1,646,482,87,47,384,0,0,0,0,0,0,0,327.37700000000007,36.95,22.909000000000002,351.76400000000007,29.560000000000002,7.390000000000001,14.780000000000001,29.560000000000002
1481,65,2.0164383561643837,-6.8,-6.3,-2.5,2,7.7,12.3,14.2,13.2,8.9,4.4,-1.2,-5.1,646,482,87,47,384,0,0,0,0,0,0,0,306.16200000000003,30.057000000000002,16.077,346.704,27.96,6.99,13.98,27.96
1482,65,2.1780821917808217,-6.8,-6.3,-2.5,2,7.7,12.3,14.2,13.2,8.9,4.4,-1.2,-5.1,646,482,87,47,384,0,0,0,0,0,0,0,287.308,34.424,18.536,321.732,26.48,6.62,13.24,26.48
1483,65,2.6904109589041094,-6.8,-6.3,-2.5,2,7.7,12.3,14.2,13.2,8.9,4.4,-1.2,-5.1,646,482,87,47,384,0,0,0,0,0,0,0,260.415,33.436,15.432,333.717,25.72,6.43,12.86,25.72
1484,65,2.8794520547945206,-6.8,-6.3,-2.5,2,7.7,12.3,14.2,13.2,8.9,4.4,-1.2,-5.1,646,482,87,47,384,0,0,0,0,0,0,0,250.143,30.447,17.91,298.5,23.88,5.97,11.94,23.88
1485,65,3.0356164383561643,-6.8,-6.3,-2.5,2,7.7,12.3,14.2,13.2,8.9,4.4,-1.2,-5.1,646,482,87,47,384,0,0,0,0,0,0,0,244.64800000000002,26.542,17.887,287.92300000000006,23.080000000000002,5.7700000000000005,11.540000000000001,23.080000000000002
1486,65,3.115068493150685,-6.8,-6.3,-2.5,2,7.7,12.3,14.2,13.2,8.9,4.4,-1.2,-5.1,646,482,87,47,384,0,0,0,0,0,0,0,230.46399999999997,29.362,14.957999999999998,279.21599999999995,22.159999999999997,5.539999999999999,11.079999999999998,22.159999999999997
1487,65,3.7041095890410958,-6.8,-6.3,-2.5,2,7.7,12.3,14.2,13.2,8.9,4.4,-1.2,-5.1,646,482,87,47,384,0,0,0,0,0,0,0,223.512,24.12,12.864,275.504,21.44,5.36,10.72,21.44
1488,65,4.032876712328767,-6.8,-6.3,-2.5,2,7.7,12.3,14.2,13.2,8.9,4.4,-1.2,-5.1,646,482,87,47,384,0,0,0,0,0,0,0,205.911,19.539,13.527,262.023,20.04,5.01,10.02,20.04
