period,obs,time,T_01,T_02,T_03,T_04,T_05,T_06,T_07,T_08,T_09,T_10,T_11,T_12,prec,A_init,W_init,E_init,N_init,H_init,A_in,W_in,E_in,N_in,H_in,size,A_obs,W_obs,E_obs,N_obs,A_unc,W_unc,E_unc,N_unc
1,2,1.010958904109589,-15.3,-13.3,-6.9,0,6.7,12.8,14.9,12.5,6.9,0.8,-7.6,-12.6,617,483,164,96,257,0,0,0,0,0,0,0,495.864,53.253,78.57,245.313,34.92,8.73,17.46,34.92
1,3,2.032876712328767,-15.3,-13.3,-6.9,0,6.7,12.8,14.9,12.5,6.9,0.8,-7.6,-12.6,617,483,164,96,257,0,0,0,0,0,0,0,379.16999999999996,30.639999999999997,65.87599999999999,290.31399999999996,30.639999999999997,7.659999999999999,15.319999999999999,30.639999999999997
1,4,3.0164383561643837,-15.3,-13.3,-6.9,0,6.7,12.8,14.9,12.5,6.9,0.8,-7.6,-12.6,617,483,164,96,257,0,0,0,0,0,0,0,333.595,28.770000000000003,52.06,270.57500000000005,27.400000000000002,6.8500000000000005,13.700000000000001,27.400000000000002
1,5,4.005479452054795,-15.3,-13.3,-6.9,0,6.7,12.8,14.9,12.5,6.9,0.8,-7.6,-12.6,617,483,164,96,257,0,0,0,0,0,0,0,269.808,25.695999999999998,47.303999999999995,241.19199999999998,23.36,5.84,11.68,23.36
4,16,0.7972602739726027,-15.3,-13.3,-6.9,0,6.7,12.8,14.9,12.5,6.9,0.8,-7.6,-12.6,617,492,164,113,231,0,0,0,0,0,0,0,468.901,44.251999999999995,81.696,256.151,34.04,8.51,17.02,34.04
4,17,1.021917808219178,-15.3,-13.3,-6.9,0,6.7,12.8,14.9,12.5,6.9,0.8,-7.6,-12.6,617,492,164,113,231,0,0,0,0,0,0,0,417.11,42.498000000000005,72.404,254.988,31.48,7.87,15.74,31.48
4,18,1.7726027397260273,-15.3,-13.3,-6.9,0,6.7,12.8,14.9,12.5,6.9,0.8,-7.6,-12.6,617,492,164,113,231,0,0,0,0,0,0,0,379.904,37.842,67.522,256.73199999999997,29.68,7.42,14.84,29.68
4,19,2.0164383561643837,-15.3,-13.3,-6.9,0,6.7,12.8,14.9,12.5,6.9,0.8,-7.6,-12.6,617,492,164,113,231,0,0,0,0,0,0,0,341.36,31.28,64.60000000000001,242.76000000000002,27.200000000000003,6.800000000000001,13.600000000000001,27.200000000000003
5,21,0.22465753424657534,-15.3,-13.3,-6.9,0,6.7,12.8,14.9,12.5,6.9,0.8,-7.6,-12.6,617,481,178,112,229,0,0,0,0,0,0,0,469.386,68.562,83.505,257.547,35.16,8.79,17.58,35.16
5,22,0.9753424657534246,-15.3,-13.3,-6.9,0,6.7,12.8,14.9,12.5,6.9,0.8,-7.6,-12.6,617,481,178,112,229,0,0,0,0,0,0,0,394.865,52.095,75.5,232.54,30.2,7.55,15.1,30.2
5,23,1.2191780821917808,-15.3,-13.3,-6.9,0,6.7,12.8,14.9,12.5,6.9,0.8,-7.6,-12.6,617,481,178,112,229,0,0,0,0,0,0,0,375.859,47.254999999999995,72.7,231.186,29.08,7.27,14.54,29.08
5,24,1.9726027397260273,-15.3,-13.3,-6.9,0,6.7,12.8,14.9,12.5,6.9,0.8,-7.6,-12.6,617,481,178,112,229,0,0,0,0,0,0,0,335,38.86,73.03,223.11,26.8,6.7,13.4,26.8
5,25,2.221917808219178,-15.3,-13.3,-6.9,0,6.7,12.8,14.9,12.5,6.9,0.8,-7.6,-12.6,617,481,178,112,229,0,0,0,0,0,0,0,309.879,29.808,63.963,217.35,24.84,6.21,12.42,24.84
5,26,2.967123287671233,-15.3,-13.3,-6.9,0,6.7,12.8,14.9,12.5,6.9,0.8,-7.6,-12.6,617,481,178,112,229,0,0,0,0,0,0,0,289.391,27.002000000000002,58.11300000000001,212.49400000000003,23.480000000000004,5.870000000000001,11.740000000000002,23.480000000000004
6,28,0.7506849315068493,-15.3,-13.3,-6.9,0,6.7,12.8,14.9,12.5,6.9,0.8,-7.6,-12.6,617,481,178,112,229,0,0,0,0,0,0,0,465.341,48.565,98.896,270.198,35.32,8.83,17.66,35.32
6,29,0.9945205479452055,-15.3,-13.3,-6.9,0,6.7,12.8,14.9,12.5,6.9,0.8,-7.6,-12.6,617,481,178,112,229,0,0,0,0,0,0,0,413.69599999999997,43.632,89.68799999999999,260.984,32.32,8.08,16.16,32.32
6,30,1.747945205479452,-15.3,-13.3,-6.9,0,6.7,12.8,14.9,12.5,6.9,0.8,-7.6,-12.6,617,481,178,112,229,0,0,0,0,0,0,0,389.883,36.912,84.59,257.615,30.76,7.69,15.38,30.76
6,31,1.9972602739726026,-15.3,-13.3,-6.9,0,6.7,12.8,14.9,12.5,6.9,0.8,-7.6,-12.6,617,481,178,112,229,0,0,0,0,0,0,0,353.304,28.741,73.60499999999999,245.35,28.04,7.01,14.02,28.04
7,33,0.24383561643835616,-15.3,-13.3,-6.9,0,6.7,12.8,14.9,12.5,6.9,0.8,-7.6,-12.6,617,514,82,116,288,0,0,0,0,0,0,0,499.26000000000005,46.158,100.79400000000001,295.788,37.68,9.42,18.84,37.68
7,34,0.9972602739726028,-15.3,-13.3,-6.9,0,6.7,12.8,14.9,12.5,6.9,0.8,-7.6,-12.6,617,514,82,116,288,0,0,0,0,0,0,0,450.46500000000003,38.94,98.235,297.36,35.4,8.85,17.7,35.4
7,35,1.2465753424657535,-15.3,-13.3,-6.9,0,6.7,12.8,14.9,12.5,6.9,0.8,-7.6,-12.6,617,514,82,116,288,0,0,0,0,0,0,0,415.5,32.409,93.072,290.019,33.239999999999995,8.309999999999999,16.619999999999997,33.239999999999995
7,36,2,-15.3,-13.3,-6.9,0,6.7,12.8,14.9,12.5,6.9,0.8,-7.6,-12.6,617,514,82,116,288,0,0,0,0,0,0,0,380.424,29.081999999999997,85.67399999999999,290.82,31.439999999999998,7.859999999999999,15.719999999999999,31.439999999999998
7,37,2.26027397260274,-15.3,-13.3,-6.9,0,6.7,12.8,14.9,12.5,6.9,0.8,-7.6,-12.6,617,514,82,116,288,0,0,0,0,0,0,0,355.68,25.194,76.323,283.803,29.64,7.41,14.82,29.64
7,38,3,-15.3,-13.3,-6.9,0,6.7,12.8,14.9,12.5,6.9,0.8,-7.6,-12.6,617,514,82,116,288,0,0,0,0,0,0,0,312.62399999999997,24.715999999999998,66.13199999999999,264.52799999999996,26.72,6.68,13.36,26.72
10,53,0.2493150684931507,-15.3,-13.3,-6.9,0,6.7,12.8,14.9,12.5,6.9,0.8,-7.6,-12.6,617,514,82,116,288,0,0,0,0,0,0,0,503.90799999999996,51.732,101.548,300.812,38.32,9.58,19.16,38.32
10,54,0.9945205479452055,-15.3,-13.3,-6.9,0,6.7,12.8,14.9,12.5,6.9,0.8,-7.6,-12.6,617,514,82,116,288,0,0,0,0,0,0,0,475.52399999999994,35.802,100.97999999999999,305.69399999999996,36.72,9.18,18.36,36.72
10,55,1.263013698630137,-15.3,-13.3,-6.9,0,6.7,12.8,14.9,12.5,6.9,0.8,-7.6,-12.6,617,514,82,116,288,0,0,0,0,0,0,0,423.65100000000007,30.564000000000004,89.99400000000001,304.79100000000005,33.96,8.49,16.98,33.96
10,56,2.0027397260273974,-15.3,-13.3,-6.9,0,6.7,12.8,14.9,12.5,6.9,0.8,-7.6,-12.6,617,514,82,116,288,0,0,0,0,0,0,0,380.966,29.489,86.07600000000001,300.469,31.880000000000003,7.970000000000001,15.940000000000001,31.880000000000003
10,57,2.2575342465753425,-15.3,-13.3,-6.9,0,6.7,12.8,14.9,12.5,6.9,0.8,-7.6,-12.6,617,514,82,116,288,0,0,0,0,0,0,0,353.40000000000003,26.784000000000002,76.632,287.184,29.760000000000005,7.440000000000001,14.880000000000003,29.760000000000005
11,60,0.7452054794520548,-15.3,-13.3,-6.9,0,6.7,12.8,14.9,12.5,6.9,0.8,-7.6,-12.6,617,514,82,116,288,0,0,0,0,0,0,0,485.36600000000004,44.039,97.44800000000001,310.147,37.480000000000004,9.370000000000001,18.740000000000002,37.480000000000004
11,61,1.0136986301369864,-15.3,-13.3,-6.9,0,6.7,12.8,14.9,12.5,6.9,0.8,-7.6,-12.6,617,514,82,116,288,0,0,0,0,0,0,0,438.984,37.453,89.713,304.85,34.84,8.71,17.42,34.84
11,62,1.7534246575342465,-15.3,-13.3,-6.9,0,6.7,12.8,14.9,12.5,6.9,0.8,-7.6,-12.6,617,514,82,116,288,0,0,0,0,0,0,0,396.396,33.579,87.63300000000001,301.392,32.760000000000005,8.190000000000001,16.380000000000003,32.760000000000005
11,63,2.0082191780821916,-15.3,-13.3,-6.9,0,6.7,12.8,14.9,12.5,6.9,0.8,-7.6,-12.6,617,514,82,116,288,0,0,0,0,0,0,0,358.904,35.438,77.662,281.996,30.16,7.54,15.08,30.16
12,67,0.26575342465753427,-15.3,-13.3,-6.9,0,6.7,12.8,14.9,12.5,6.9,0.8,-7.6,-12.6,617,483,182,94,241,0,0,0,0,0,0,0,470.98400000000004,48.816,89.49600000000001,294.704,36.160000000000004,9.040000000000001,18.080000000000002,36.160000000000004
12,68,1.0054794520547945,-15.3,-13.3,-6.9,0,6.7,12.8,14.9,12.5,6.9,0.8,-7.6,-12.6,617,483,182,94,241,0,0,0,0,0,0,0,413.66400000000004,38.364000000000004,80.89800000000001,301.074,33.36,8.34,16.68,33.36
12,69,1.2602739726027397,-15.3,-13.3,-6.9,0,6.7,12.8,14.9,12.5,6.9,0.8,-7.6,-12.6,617,483,182,94,241,0,0,0,0,0,0,0,413.69599999999997,35.552,71.104,287.64799999999997,32.32,8.08,16.16,32.32
17,89,0.7863013698630137,-14,-12.8,-7.6,-1.1,5.4,11.4,14.1,11.6,6,-0.1,-7,-11.3,604,492,164,113,231,0,0,0,0,0,0,0,468.71999999999997,51.211999999999996,85.064,263.004,34.72,8.68,17.36,34.72
17,90,1.0191780821917809,-14,-12.8,-7.6,-1.1,5.4,11.4,14.1,11.6,6,-0.1,-7,-11.3,604,492,164,113,231,0,0,0,0,0,0,0,394.12800000000004,50.048,75.072,262.752,31.28,7.82,15.64,31.28
17,91,1.7698630136986302,-14,-12.8,-7.6,-1.1,5.4,11.4,14.1,11.6,6,-0.1,-7,-11.3,604,492,164,113,231,0,0,0,0,0,0,0,345.50399999999996,36.815999999999995,71.508,254.172,28.32,7.08,14.16,28.32
17,92,2.0164383561643837,-14,-12.8,-7.6,-1.1,5.4,11.4,14.1,11.6,6,-0.1,-7,-11.3,604,492,164,113,231,0,0,0,0,0,0,0,303.372,43.884,64.236,224.508,25.44,6.36,12.72,25.44
18,94,0.2328767123287671,-14,-12.8,-7.6,-1.1,5.4,11.4,14.1,11.6,6,-0.1,-7,-11.3,604,481,178,112,229,0,0,0,0,0,0,0,450.696,59.92400000000001,84.4,248.98000000000002,33.760000000000005,8.440000000000001,16.880000000000003,33.760000000000005
18,95,0.9835616438356164,-14,-12.8,-7.6,-1.1,5.4,11.4,14.1,11.6,6,-0.1,-7,-11.3,604,481,178,112,229,0,0,0,0,0,0,0,382.228,56.1,74.8,234.87199999999999,29.92,7.48,14.96,29.92
18,96,1.2301369863013698,-14,-12.8,-7.6,-1.1,5.4,11.4,14.1,11.6,6,-0.1,-7,-11.3,604,481,178,112,229,0,0,0,0,0,0,0,333.60599999999994,52.63999999999999,71.722,200.03199999999998,26.319999999999997,6.579999999999999,13.159999999999998,26.319999999999997
18,97,1.978082191780822,-14,-12.8,-7.6,-1.1,5.4,11.4,14.1,11.6,6,-0.1,-7,-11.3,604,481,178,112,229,0,0,0,0,0,0,0,276.575,44.849999999999994,64.975,188.6,23,5.75,11.5,23
18,98,2.23013698630137,-14,-12.8,-7.6,-1.1,5.4,11.4,14.1,11.6,6,-0.1,-7,-11.3,604,481,178,112,229,0,0,0,0,0,0,0,243.36,31.941,56.784,174.915,20.28,5.07,10.14,20.28
18,99,2.9753424657534246,-14,-12.8,-7.6,-1.1,5.4,11.4,14.1,11.6,6,-0.1,-7,-11.3,604,481,178,112,229,0,0,0,0,0,0,0,207.87199999999999,29.232,53.824,173.07199999999997,18.56,4.64,9.28,18.56
20,106,0.25205479452054796,-14,-12.8,-7.6,-1.1,5.4,11.4,14.1,11.6,6,-0.1,-7,-11.3,604,514,82,116,288,0,0,0,0,0,0,0,475.648,46.45,102.19000000000001,304.712,37.160000000000004,9.290000000000001,18.580000000000002,37.160000000000004
20,107,0.9945205479452055,-14,-12.8,-7.6,-1.1,5.4,11.4,14.1,11.6,6,-0.1,-7,-11.3,604,514,82,116,288,0,0,0,0,0,0,0,410.896,47.99400000000001,88.41000000000001,294.70000000000005,33.68000000000001,8.420000000000002,16.840000000000003,33.68000000000001
20,108,1.2465753424657535,-14,-12.8,-7.6,-1.1,5.4,11.4,14.1,11.6,6,-0.1,-7,-11.3,604,514,82,116,288,0,0,0,0,0,0,0,373.968,41.552,84.672,283.808,31.36,7.84,15.68,31.36
20,109,1.9917808219178081,-14,-12.8,-7.6,-1.1,5.4,11.4,14.1,11.6,6,-0.1,-7,-11.3,604,514,82,116,288,0,0,0,0,0,0,0,337.48400000000004,42.540000000000006,73.027,255.94900000000004,28.360000000000003,7.090000000000001,14.180000000000001,28.360000000000003
20,110,2.2575342465753425,-14,-12.8,-7.6,-1.1,5.4,11.4,14.1,11.6,6,-0.1,-7,-11.3,604,514,82,116,288,0,0,0,0,0,0,0,295,35,66.875,228.125,25,6.25,12.5,25
20,111,3,-14,-12.8,-7.6,-1.1,5.4,11.4,14.1,11.6,6,-0.1,-7,-11.3,604,514,82,116,288,0,0,0,0,0,0,0,268.096,32.943999999999996,56.8,210.15999999999997,22.72,5.68,11.36,22.72
28,149,1.010958904109589,-14,-12.8,-7.6,-1.1,5.4,11.4,14.1,11.6,6,-0.1,-7,-11.3,604,483,164,96,257,0,0,0,0,0,0,0,390.05999999999995,46.492,73.28399999999999,278.164,31.519999999999996,7.879999999999999,15.759999999999998,31.519999999999996
32,165,0.2328767123287671,-14,-12.8,-7.6,-1.1,5.4,11.4,14.1,11.6,6,-0.1,-7,-11.3,604,481,178,112,229,0,0,0,0,0,0,0,433.993,59.143,84.133,255.731,33.32,8.33,16.66,33.32
32,166,0.9808219178082191,-14,-12.8,-7.6,-1.1,5.4,11.4,14.1,11.6,6,-0.1,-7,-11.3,604,481,178,112,229,0,0,0,0,0,0,0,353.90999999999997,50.055,71.205,229.82999999999998,28.2,7.05,14.1,28.2
32,167,1.2301369863013698,-14,-12.8,-7.6,-1.1,5.4,11.4,14.1,11.6,6,-0.1,-7,-11.3,604,481,178,112,229,0,0,0,0,0,0,0,294.984,43.452,67.32,206.244,24.48,6.12,12.24,24.48
32,168,1.978082191780822,-14,-12.8,-7.6,-1.1,5.4,11.4,14.1,11.6,6,-0.1,-7,-11.3,604,481,178,112,229,0,0,0,0,0,0,0,226.95000000000002,38.76,56.1,188.19,20.4,5.1,10.2,20.4
32,169,2.23013698630137,-14,-12.8,-7.6,-1.1,5.4,11.4,14.1,11.6,6,-0.1,-7,-11.3,604,481,178,112,229,0,0,0,0,0,0,0,194.866,33.226,53.88,167.028,17.96,4.49,8.98,17.96
32,170,2.9753424657534246,-14,-12.8,-7.6,-1.1,5.4,11.4,14.1,11.6,6,-0.1,-7,-11.3,604,481,178,112,229,0,0,0,0,0,0,0,158.67000000000002,27.09,44.892,156.348,15.48,3.87,7.74,15.48
34,177,0.2465753424657534,-14,-12.8,-7.6,-1.1,5.4,11.4,14.1,11.6,6,-0.1,-7,-11.3,604,514,82,116,288,0,0,0,0,0,0,0,453.995,50.344,99.789,294.872,35.96,8.99,17.98,35.96
34,178,0.9945205479452055,-14,-12.8,-7.6,-1.1,5.4,11.4,14.1,11.6,6,-0.1,-7,-11.3,604,514,82,116,288,0,0,0,0,0,0,0,382.878,49.662,94.51799999999999,273.94199999999995,32.04,8.01,16.02,32.04
34,179,1.2465753424657535,-14,-12.8,-7.6,-1.1,5.4,11.4,14.1,11.6,6,-0.1,-7,-11.3,604,514,82,116,288,0,0,0,0,0,0,0,328.996,48.007999999999996,79.072,249.92399999999998,28.24,7.06,14.12,28.24
34,180,1.9917808219178081,-14,-12.8,-7.6,-1.1,5.4,11.4,14.1,11.6,6,-0.1,-7,-11.3,604,514,82,116,288,0,0,0,0,0,0,0,279.278,47.894,72.774,222.054,24.88,6.22,12.44,24.88
34,181,2.2575342465753425,-14,-12.8,-7.6,-1.1,5.4,11.4,14.1,11.6,6,-0.1,-7,-11.3,604,514,82,116,288,0,0,0,0,0,0,0,218.948,33.02,58.42,197.612,20.32,5.08,10.16,20.32
34,182,3,-14,-12.8,-7.6,-1.1,5.4,11.4,14.1,11.6,6,-0.1,-7,-11.3,604,514,82,116,288,0,0,0,0,0,0,0,174.67499999999998,28.474999999999998,51.425,170.42499999999998,17,4.25,8.5,17
41,215,0.2547945205479452,-11.2,-10.2,-6,0,6.5,12,14.8,12.8,7.5,1.5,-4.1,-8.1,651,492,164,113,231,0,0,0,0,0,0,0,482.44800000000004,63.80200000000001,73.41600000000001,254.33400000000003,34.96000000000001,8.740000000000002,17.480000000000004,34.96000000000001
41,216,0.3698630136986301,-11.2,-10.2,-6,0,6.5,12,14.8,12.8,7.5,1.5,-4.1,-8.1,651,492,164,113,231,0,0,0,0,0,0,0,434.70399999999995,66.256,68.67999999999999,238.35999999999999,32.32,8.08,16.16,32.32
41,217,0.9972602739726028,-11.2,-10.2,-6,0,6.5,12,14.8,12.8,7.5,1.5,-4.1,-8.1,651,492,164,113,231,0,0,0,0,0,0,0,341.033,51.912,85.79899999999999,242.256,28.84,7.21,14.42,28.84
41,218,1.2657534246575342,-11.2,-10.2,-6,0,6.5,12,14.8,12.8,7.5,1.5,-4.1,-8.1,651,492,164,113,231,0,0,0,0,0,0,0,277.337,29.95,68.286,223.427,23.96,5.99,11.98,23.96
41,219,1.3424657534246576,-11.2,-10.2,-6,0,6.5,12,14.8,12.8,7.5,1.5,-4.1,-8.1,651,492,164,113,231,0,0,0,0,0,0,0,264.322,29.432000000000002,52.638000000000005,219.60800000000003,22.64,5.66,11.32,22.64
41,220,2.0136986301369864,-11.2,-10.2,-6,0,6.5,12,14.8,12.8,7.5,1.5,-4.1,-8.1,651,492,164,113,231,0,0,0,0,0,0,0,227.556,36.636,46.44,205.368,20.64,5.16,10.32,20.64
41,221,2.336986301369863,-11.2,-10.2,-6,0,6.5,12,14.8,12.8,7.5,1.5,-4.1,-8.1,651,492,164,113,231,0,0,0,0,0,0,0,189.478,23.797,41.308,194.417,17.96,4.49,8.98,17.96
41,222,3.010958904109589,-11.2,-10.2,-6,0,6.5,12,14.8,12.8,7.5,1.5,-4.1,-8.1,651,492,164,113,231,0,0,0,0,0,0,0,164.428,21.978,46.80500000000001,173.78900000000002,16.28,4.07,8.14,16.28
41,223,3.336986301369863,-11.2,-10.2,-6,0,6.5,12,14.8,12.8,7.5,1.5,-4.1,-8.1,651,492,164,113,231,0,0,0,0,0,0,0,163.43800000000002,14.467,36.754000000000005,176.341,15.64,3.91,7.82,15.64
42,225,0.11506849315068493,-11.2,-10.2,-6,0,6.5,12,14.8,12.8,7.5,1.5,-4.1,-8.1,651,492,164,113,231,0,0,0,0,0,0,0,496.041,69.96600000000001,83.421,247.572,35.88,8.97,17.94,35.88
42,226,0.7424657534246575,-11.2,-10.2,-6,0,6.5,12,14.8,12.8,7.5,1.5,-4.1,-8.1,651,492,164,113,231,0,0,0,0,0,0,0,430.346,43.778,95.81599999999999,256.06,33.04,8.26,16.52,33.04
42,227,1.010958904109589,-11.2,-10.2,-6,0,6.5,12,14.8,12.8,7.5,1.5,-4.1,-8.1,651,492,164,113,231,0,0,0,0,0,0,0,333.704,38.178000000000004,84.84,250.27800000000002,28.28,7.07,14.14,28.28
42,228,1.0876712328767124,-11.2,-10.2,-6,0,6.5,12,14.8,12.8,7.5,1.5,-4.1,-8.1,651,492,164,113,231,0,0,0,0,0,0,0,329.28000000000003,32.256,59.80800000000001,250.656,26.880000000000003,6.720000000000001,13.440000000000001,26.880000000000003
43,230,0.9726027397260274,-11.2,-10.2,-6,0,6.5,12,14.8,12.8,7.5,1.5,-4.1,-8.1,651,492,164,113,231,0,0,0,0,0,0,0,342.964,40.096,70.16799999999999,262.772,28.64,7.16,14.32,28.64
43,231,1.643835616438356,-11.2,-10.2,-6,0,6.5,12,14.8,12.8,7.5,1.5,-4.1,-8.1,651,492,164,113,231,0,0,0,0,0,0,0,294.952,39.928000000000004,59.248000000000005,249.872,25.76,6.44,12.88,25.76
44,233,0.2684931506849315,-11.2,-10.2,-6,0,6.5,12,14.8,12.8,7.5,1.5,-4.1,-8.1,651,481,178,112,229,0,0,0,0,0,0,0,453.926,40.388,94.824,288.862,35.12,8.78,17.56,35.12
44,234,0.4575342465753425,-11.2,-10.2,-6,0,6.5,12,14.8,12.8,7.5,1.5,-4.1,-8.1,651,481,178,112,229,0,0,0,0,0,0,0,394.696,66.744,59.328,303.232,32.96,8.24,16.48,32.96
44,235,1.0164383561643835,-11.2,-10.2,-6,0,6.5,12,14.8,12.8,7.5,1.5,-4.1,-8.1,651,481,178,112,229,0,0,0,0,0,0,0,356.36,41.525,76.255,280.86,30.2,7.55,15.1,30.2
44,236,1.2657534246575342,-11.2,-10.2,-6,0,6.5,12,14.8,12.8,7.5,1.5,-4.1,-8.1,651,481,178,112,229,0,0,0,0,0,0,0,261.12399999999997,39.706999999999994,72.011,300.15799999999996,26.919999999999998,6.7299999999999995,13.459999999999999,26.919999999999998
44,237,1.3397260273972602,-11.2,-10.2,-6,0,6.5,12,14.8,12.8,7.5,1.5,-4.1,-8.1,651,481,178,112,229,0,0,0,0,0,0,0,297.709,39.866,60.442,244.983,25.72,6.43,12.86,25.72
44,238,2.0136986301369864,-11.2,-10.2,-6,0,6.5,12,14.8,12.8,7.5,1.5,-4.1,-8.1,651,481,178,112,229,0,0,0,0,0,0,0,267.014,33.230999999999995,57.13399999999999,225.62099999999998,23.32,5.83,11.66,23.32
44,239,2.33972602739726,-11.2,-10.2,-6,0,6.5,12,14.8,12.8,7.5,1.5,-4.1,-8.1,651,481,178,112,229,0,0,0,0,0,0,0,235.87300000000002,22.489,47.07,217.568,20.92,5.23,10.46,20.92
45,243,0.07671232876712329,-11.2,-10.2,-6,0,6.5,12,14.8,12.8,7.5,1.5,-4.1,-8.1,651,481,178,112,229,0,0,0,0,0,0,0,494.32599999999996,74.10199999999999,98.49,271.082,37.519999999999996,9.379999999999999,18.759999999999998,37.519999999999996
45,244,0.18904109589041096,-11.2,-10.2,-6,0,6.5,12,14.8,12.8,7.5,1.5,-4.1,-8.1,651,481,178,112,229,0,0,0,0,0,0,0,452.75100000000003,57.152,100.016,283.081,35.72,8.93,17.86,35.72
45,245,0.7479452054794521,-11.2,-10.2,-6,0,6.5,12,14.8,12.8,7.5,1.5,-4.1,-8.1,651,481,178,112,229,0,0,0,0,0,0,0,410.33299999999997,45.770999999999994,85.118,261.77799999999996,32.12,8.03,16.06,32.12
45,246,0.9972602739726028,-11.2,-10.2,-6,0,6.5,12,14.8,12.8,7.5,1.5,-4.1,-8.1,651,481,178,112,229,0,0,0,0,0,0,0,347.864,49.379,70.752,269.005,29.48,7.37,14.74,29.48
45,247,1.0712328767123287,-11.2,-10.2,-6,0,6.5,12,14.8,12.8,7.5,1.5,-4.1,-8.1,651,481,178,112,229,0,0,0,0,0,0,0,327.699,37.785000000000004,66.63900000000001,254.877,27.480000000000004,6.870000000000001,13.740000000000002,27.480000000000004
45,248,1.7452054794520548,-11.2,-10.2,-6,0,6.5,12,14.8,12.8,7.5,1.5,-4.1,-8.1,651,481,178,112,229,0,0,0,0,0,0,0,298.92,32.436,58.512,246.132,25.44,6.36,12.72,25.44
45,249,2.0712328767123287,-11.2,-10.2,-6,0,6.5,12,14.8,12.8,7.5,1.5,-4.1,-8.1,651,481,178,112,229,0,0,0,0,0,0,0,258.912,24.551999999999996,50.21999999999999,224.31599999999997,22.319999999999997,5.579999999999999,11.159999999999998,22.319999999999997
46,253,0.2493150684931507,-11.2,-10.2,-6,0,6.5,12,14.8,12.8,7.5,1.5,-4.1,-8.1,651,481,178,112,229,0,0,0,0,0,0,0,447.378,47.41,97.40599999999999,269.806,34.48,8.62,17.24,34.48
46,254,0.3232876712328767,-11.2,-10.2,-6,0,6.5,12,14.8,12.8,7.5,1.5,-4.1,-8.1,651,481,178,112,229,0,0,0,0,0,0,0,432.141,47.544000000000004,92.54100000000001,276.774,33.96,8.49,16.98,33.96
46,255,0.9972602739726028,-11.2,-10.2,-6,0,6.5,12,14.8,12.8,7.5,1.5,-4.1,-8.1,651,481,178,112,229,0,0,0,0,0,0,0,380.52500000000003,39.525,86.8,268.15000000000003,31,7.75,15.5,31
46,256,1.3232876712328767,-11.2,-10.2,-6,0,6.5,12,14.8,12.8,7.5,1.5,-4.1,-8.1,651,481,178,112,229,0,0,0,0,0,0,0,306.54,34.06,74.015,240.38500000000002,26.200000000000003,6.550000000000001,13.100000000000001,26.200000000000003
47,260,0.07397260273972603,-11.2,-10.2,-6,0,6.5,12,14.8,12.8,7.5,1.5,-4.1,-8.1,651,492,164,113,231,0,0,0,0,0,0,0,491.898,119.62500000000001,97.614,247.86300000000003,38.28,9.57,19.14,38.28
47,261,0.7479452054794521,-11.2,-10.2,-6,0,6.5,12,14.8,12.8,7.5,1.5,-4.1,-8.1,651,492,164,113,231,0,0,0,0,0,0,0,455.924,50.563,88.271,262.242,34.28,8.57,17.14,34.28
47,262,1.073972602739726,-11.2,-10.2,-6,0,6.5,12,14.8,12.8,7.5,1.5,-4.1,-8.1,651,492,164,113,231,0,0,0,0,0,0,0,370.016,36.554,79.822,259.608,29.84,7.46,14.92,29.84
51,281,0.15342465753424658,-6.8,-6.3,-2.5,2,7.7,12.3,14.2,13.2,8.9,4.4,-1.2,-5.1,646,481,178,112,229,0,0,0,0,0,0,0,453.76800000000003,66.6,96.792,270.84000000000003,35.52,8.88,17.76,35.52
51,282,0.4,-6.8,-6.3,-2.5,2,7.7,12.3,14.2,13.2,8.9,4.4,-1.2,-5.1,646,481,178,112,229,0,0,0,0,0,0,0,405.6,54.400000000000006,74.4,265.6,32,8,16,32
51,283,1.0328767123287672,-6.8,-6.3,-2.5,2,7.7,12.3,14.2,13.2,8.9,4.4,-1.2,-5.1,646,481,178,112,229,0,0,0,0,0,0,0,315.84000000000003,54.432,76.608,225.12,26.880000000000003,6.720000000000001,13.440000000000001,26.880000000000003
51,284,1.1534246575342466,-6.8,-6.3,-2.5,2,7.7,12.3,14.2,13.2,8.9,4.4,-1.2,-5.1,646,481,178,112,229,0,0,0,0,0,0,0,295.16,42.704,69.08,221.056,25.12,6.28,12.56,25.12
51,285,1.3205479452054794,-6.8,-6.3,-2.5,2,7.7,12.3,14.2,13.2,8.9,4.4,-1.2,-5.1,646,481,178,112,229,0,0,0,0,0,0,0,250.86,30.525000000000002,59.385000000000005,214.23000000000002,22.200000000000003,5.550000000000001,11.100000000000001,22.200000000000003
51,286,1.4,-6.8,-6.3,-2.5,2,7.7,12.3,14.2,13.2,8.9,4.4,-1.2,-5.1,646,481,178,112,229,0,0,0,0,0,0,0,249.61,32.7,56.68000000000001,206.01000000000002,21.8,5.45,10.9,21.8
51,287,1.9945205479452055,-6.8,-6.3,-2.5,2,7.7,12.3,14.2,13.2,8.9,4.4,-1.2,-5.1,646,481,178,112,229,0,0,0,0,0,0,0,224.69400000000002,33.345,57.456,197.505,20.52,5.13,10.26,20.52
52,289,0.6328767123287671,-6.8,-6.3,-2.5,2,7.7,12.3,14.2,13.2,8.9,4.4,-1.2,-5.1,646,481,178,112,229,0,0,0,0,0,0,0,406.68499999999995,52.974999999999994,88.02,267.32,32.599999999999994,8.149999999999999,16.299999999999997,32.599999999999994
52,290,0.7534246575342466,-6.8,-6.3,-2.5,2,7.7,12.3,14.2,13.2,8.9,4.4,-1.2,-5.1,646,481,178,112,229,0,0,0,0,0,0,0,390.222,39.9,98.154,269.724,31.919999999999998,7.9799999999999995,15.959999999999999,31.919999999999998
52,291,0.9205479452054794,-6.8,-6.3,-2.5,2,7.7,12.3,14.2,13.2,8.9,4.4,-1.2,-5.1,646,481,178,112,229,0,0,0,0,0,0,0,362.59600000000006,39.636,74.86800000000001,256.90000000000003,29.360000000000003,7.340000000000001,14.680000000000001,29.360000000000003
52,292,1,-6.8,-6.3,-2.5,2,7.7,12.3,14.2,13.2,8.9,4.4,-1.2,-5.1,646,481,178,112,229,0,0,0,0,0,0,0,340.57800000000003,36.414,74.25600000000001,262.752,28.560000000000002,7.140000000000001,14.280000000000001,28.560000000000002
53,296,0.12054794520547946,-6.8,-6.3,-2.5,2,7.7,12.3,14.2,13.2,8.9,4.4,-1.2,-5.1,646,481,178,112,229,0,0,0,0,0,0,0,485.463,79.815,109.863,263.85900000000004,37.56,9.39,18.78,37.56
53,297,0.2876712328767123,-6.8,-6.3,-2.5,2,7.7,12.3,14.2,13.2,8.9,4.4,-1.2,-5.1,646,481,178,112,229,0,0,0,0,0,0,0,425.715,42.992999999999995,92.72999999999999,281.562,33.72,8.43,16.86,33.72
53,298,0.36712328767123287,-6.8,-6.3,-2.5,2,7.7,12.3,14.2,13.2,8.9,4.4,-1.2,-5.1,646,481,178,112,229,0,0,0,0,0,0,0,406.86600000000004,41.667,93.138,275.329,32.68,8.17,16.34,32.68
56,315,0.4,-6.8,-6.3,-2.5,2,7.7,12.3,14.2,13.2,8.9,4.4,-1.2,-5.1,646,492,164,113,231,0,0,0,0,0,0,0,413.083,58.327000000000005,81.498,246.092,31.96,7.99,15.98,31.96
56,316,1.0191780821917809,-6.8,-6.3,-2.5,2,7.7,12.3,14.2,13.2,8.9,4.4,-1.2,-5.1,646,492,164,113,231,0,0,0,0,0,0,0,351.5,73.815,58.349,219.33599999999998,28.119999999999997,7.029999999999999,14.059999999999999,28.119999999999997
56,317,1.3123287671232877,-6.8,-6.3,-2.5,2,7.7,12.3,14.2,13.2,8.9,4.4,-1.2,-5.1,646,492,164,113,231,0,0,0,0,0,0,0,270.27,43.875,64.35,206.505,23.4,5.85,11.7,23.4
56,318,1.4191780821917808,-6.8,-6.3,-2.5,2,7.7,12.3,14.2,13.2,8.9,4.4,-1.2,-5.1,646,492,164,113,231,0,0,0,0,0,0,0,241.09199999999996,36.38099999999999,60.27299999999999,205.25399999999996,21.72,5.43,10.86,21.72
57,320,0.15342465753424658,-6.8,-6.3,-2.5,2,7.7,12.3,14.2,13.2,8.9,4.4,-1.2,-5.1,646,481,178,112,229,0,0,0,0,0,0,0,455.5199999999999,66.576,95.484,258.41999999999996,35.03999999999999,8.759999999999998,17.519999999999996,35.03999999999999
57,321,0.29315068493150687,-6.8,-6.3,-2.5,2,7.7,12.3,14.2,13.2,8.9,4.4,-1.2,-5.1,646,481,178,112,229,0,0,0,0,0,0,0,441.808,65.29599999999999,82.256,258.64,33.92,8.48,16.96,33.92
57,322,0.4,-6.8,-6.3,-2.5,2,7.7,12.3,14.2,13.2,8.9,4.4,-1.2,-5.1,646,481,178,112,229,0,0,0,0,0,0,0,391.87999999999994,58.199999999999996,69.83999999999999,256.08,31.039999999999996,7.759999999999999,15.519999999999998,31.039999999999996
57,323,1.0328767123287672,-6.8,-6.3,-2.5,2,7.7,12.3,14.2,13.2,8.9,4.4,-1.2,-5.1,646,481,178,112,229,0,0,0,0,0,0,0,311.675,67.81500000000001,69.185,236.32500000000002,27.400000000000002,6.8500000000000005,13.700000000000001,27.400000000000002
57,324,1.1534246575342466,-6.8,-6.3,-2.5,2,7.7,12.3,14.2,13.2,8.9,4.4,-1.2,-5.1,646,481,178,112,229,0,0,0,0,0,0,0,300.448,45.919999999999995,73.472,236.15999999999997,26.239999999999995,6.559999999999999,13.119999999999997,26.239999999999995
57,325,1.3205479452054794,-6.8,-6.3,-2.5,2,7.7,12.3,14.2,13.2,8.9,4.4,-1.2,-5.1,646,481,178,112,229,0,0,0,0,0,0,0,254.91199999999998,34.708999999999996,61.452,217.927,22.759999999999998,5.6899999999999995,11.379999999999999,22.759999999999998
57,326,1.4,-6.8,-6.3,-2.5,2,7.7,12.3,14.2,13.2,8.9,4.4,-1.2,-5.1,646,481,178,112,229,0,0,0,0,0,0,0,246.61,33.604,60.70400000000001,201.08200000000002,21.68,5.42,10.84,21.68
57,327,1.9945205479452055,-6.8,-6.3,-2.5,2,7.7,12.3,14.2,13.2,8.9,4.4,-1.2,-5.1,646,481,178,112,229,0,0,0,0,0,0,0,219.098,33.902,56.166000000000004,196.834,20.240000000000002,5.0600000000000005,10.120000000000001,20.240000000000002
58,329,0.6328767123287671,-6.8,-6.3,-2.5,2,7.7,12.3,14.2,13.2,8.9,4.4,-1.2,-5.1,646,481,178,112,229,0,0,0,0,0,0,0,422.52,55.44,94.08,267.96,33.6,8.4,16.8,33.6
58,330,0.7534246575342466,-6.8,-6.3,-2.5,2,7.7,12.3,14.2,13.2,8.9,4.4,-1.2,-5.1,646,481,178,112,229,0,0,0,0,0,0,0,424.96399999999994,38.928,81.1,266.008,32.44,8.11,16.22,32.44
58,331,0.9205479452054794,-6.8,-6.3,-2.5,2,7.7,12.3,14.2,13.2,8.9,4.4,-1.2,-5.1,646,481,178,112,229,0,0,0,0,0,0,0,356.23,34.896,77.062,258.812,29.08,7.27,14.54,29.08
58,332,1,-6.8,-6.3,-2.5,2,7.7,12.3,14.2,13.2,8.9,4.4,-1.2,-5.1,646,481,178,112,229,0,0,0,0,0,0,0,333.704,35.35,80.59800000000001,257.348,28.28,7.07,14.14,28.28
59,336,0.12054794520547946,-6.8,-6.3,-2.5,2,7.7,12.3,14.2,13.2,8.9,4.4,-1.2,-5.1,646,481,178,112,229,0,0,0,0,0,0,0,481.362,76.302,109.272,275.064,37.68,9.42,18.84,37.68
59,337,0.2876712328767123,-6.8,-6.3,-2.5,2,7.7,12.3,14.2,13.2,8.9,4.4,-1.2,-5.1,646,481,178,112,229,0,0,0,0,0,0,0,433.664,35.574,96.55799999999999,281.204,33.879999999999995,8.469999999999999,16.939999999999998,33.879999999999995
59,338,0.36712328767123287,-6.8,-6.3,-2.5,2,7.7,12.3,14.2,13.2,8.9,4.4,-1.2,-5.1,646,481,178,112,229,0,0,0,0,0,0,0,409.35600000000005,38.634,89.59800000000001,284.41200000000003,32.88,8.22,16.44,32.88
63,363,0.2876712328767123,-6.8,-6.3,-2.5,2,7.7,12.3,14.2,13.2,8.9,4.4,-1.2,-5.1,646,514,82,116,288,0,0,0,0,0,0,0,419.93,31.709,104.554,300.807,34.28,8.57,17.14,34.28
63,364,0.36712328767123287,-6.8,-6.3,-2.5,2,7.7,12.3,14.2,13.2,8.9,4.4,-1.2,-5.1,646,514,82,116,288,0,0,0,0,0,0,0,384.93,36.855000000000004,89.271,307.944,32.760000000000005,8.190000000000001,16.380000000000003,32.760000000000005
74,417,1.084931506849315,-3.2,-3.5,-0.8,4.7,10.2,14.2,16.3,15.2,11.1,6.4,2.3,-0.5,636,472,180,102,246,0,0,0,0,0,0,0,316.19399999999996,31.409999999999997,53.745999999999995,296.65,27.919999999999998,6.9799999999999995,13.959999999999999,27.919999999999998
74,418,2.0547945205479454,-3.2,-3.5,-0.8,4.7,10.2,14.2,16.3,15.2,11.1,6.4,2.3,-0.5,636,472,180,102,246,0,0,0,0,0,0,0,207.89700000000002,20.102,50.255,250.746,21.16,5.29,10.58,21.16
74,419,3.0657534246575344,-3.2,-3.5,-0.8,4.7,10.2,14.2,16.3,15.2,11.1,6.4,2.3,-0.5,636,472,180,102,246,0,0,0,0,0,0,0,151.43800000000002,12.586,41.006,200.97000000000003,16.240000000000002,4.0600000000000005,8.120000000000001,16.240000000000002
75,421,0.9698630136986301,-3.2,-3.5,-0.8,4.7,10.2,14.2,16.3,15.2,11.1,6.4,2.3,-0.5,636,462,213,94,231,0,0,0,0,0,0,0,280.575,27.735,54.18,282.51,25.8,6.45,12.9,25.8
75,422,1.4712328767123288,-3.2,-3.5,-0.8,4.7,10.2,14.2,16.3,15.2,11.1,6.4,2.3,-0.5,636,462,213,94,231,0,0,0,0,0,0,0,262.88,33.48,52.08,271.56,24.8,6.2,12.4,24.8
75,423,1.9808219178082191,-3.2,-3.5,-0.8,4.7,10.2,14.2,16.3,15.2,11.1,6.4,2.3,-0.5,636,462,213,94,231,0,0,0,0,0,0,0,190.00799999999998,16.848,38.843999999999994,222.29999999999998,18.72,4.68,9.36,18.72
75,424,2.463013698630137,-3.2,-3.5,-0.8,4.7,10.2,14.2,16.3,15.2,11.1,6.4,2.3,-0.5,636,462,213,94,231,0,0,0,0,0,0,0,169.99300000000002,16.169,37.58200000000001,213.25600000000003,17.480000000000004,4.370000000000001,8.740000000000002,17.480000000000004
75,425,2.9643835616438357,-3.2,-3.5,-0.8,4.7,10.2,14.2,16.3,15.2,11.1,6.4,2.3,-0.5,636,462,213,94,231,0,0,0,0,0,0,0,162.67999999999998,14.524999999999999,34.86,202.935,16.599999999999998,4.1499999999999995,8.299999999999999,16.599999999999998
77,432,0.5123287671232877,-3.2,-3.5,-0.8,4.7,10.2,14.2,16.3,15.2,11.1,6.4,2.3,-0.5,636,481,178,112,229,0,0,0,0,0,0,0,332.956,40.440000000000005,69.42200000000001,231.18200000000002,26.96,6.74,13.48,26.96
77,433,0.9945205479452055,-3.2,-3.5,-0.8,4.7,10.2,14.2,16.3,15.2,11.1,6.4,2.3,-0.5,636,481,178,112,229,0,0,0,0,0,0,0,278.613,43.097,63.735,221.555,24.28,6.07,12.14,24.28
77,435,2.010958904109589,-3.2,-3.5,-0.8,4.7,10.2,14.2,16.3,15.2,11.1,6.4,2.3,-0.5,636,481,178,112,229,0,0,0,0,0,0,0,153.244,13.468,36.036,161.252,14.559999999999999,3.6399999999999997,7.279999999999999,14.559999999999999
78,437,0.4821917808219178,-3.2,-3.5,-0.8,4.7,10.2,14.2,16.3,15.2,11.1,6.4,2.3,-0.5,636,481,178,112,229,0,0,0,0,0,0,0,423.81,36.564,96.396,274.22999999999996,33.239999999999995,8.309999999999999,16.619999999999997,33.239999999999995
78,438,0.9835616438356164,-3.2,-3.5,-0.8,4.7,10.2,14.2,16.3,15.2,11.1,6.4,2.3,-0.5,636,481,178,112,229,0,0,0,0,0,0,0,299,33.15,63.050000000000004,254.8,26,6.5,13,26
78,439,1.4986301369863013,-3.2,-3.5,-0.8,4.7,10.2,14.2,16.3,15.2,11.1,6.4,2.3,-0.5,636,481,178,112,229,0,0,0,0,0,0,0,280.118,30.233,59.232,247.417,24.68,6.17,12.34,24.68
78,440,1.9808219178082191,-3.2,-3.5,-0.8,4.7,10.2,14.2,16.3,15.2,11.1,6.4,2.3,-0.5,636,481,178,112,229,0,0,0,0,0,0,0,192.7,17.86,45.589999999999996,213.85,18.799999999999997,4.699999999999999,9.399999999999999,18.799999999999997
80,447,0.5150684931506849,-3.2,-3.5,-0.8,4.7,10.2,14.2,16.3,15.2,11.1,6.4,2.3,-0.5,636,514,82,116,288,0,0,0,0,0,0,0,442.613,39.028,102.892,302.467,35.480000000000004,8.870000000000001,17.740000000000002,35.480000000000004
80,448,0.9972602739726028,-3.2,-3.5,-0.8,4.7,10.2,14.2,16.3,15.2,11.1,6.4,2.3,-0.5,636,514,82,116,288,0,0,0,0,0,0,0,328.256,33.856,79.488,294.4,29.439999999999998,7.359999999999999,14.719999999999999,29.439999999999998
80,449,1.515068493150685,-3.2,-3.5,-0.8,4.7,10.2,14.2,16.3,15.2,11.1,6.4,2.3,-0.5,636,514,82,116,288,0,0,0,0,0,0,0,290.95799999999997,32.784,73.08099999999999,286.17699999999996,27.319999999999997,6.829999999999999,13.659999999999998,27.319999999999997
80,450,1.9945205479452055,-3.2,-3.5,-0.8,4.7,10.2,14.2,16.3,15.2,11.1,6.4,2.3,-0.5,636,514,82,116,288,0,0,0,0,0,0,0,183.138,20.038,51.726000000000006,211.098,18.64,4.66,9.32,18.64
81,452,0.4821917808219178,-3.2,-3.5,-0.8,4.7,10.2,14.2,16.3,15.2,11.1,6.4,2.3,-0.5,636,514,82,116,288,0,0,0,0,0,0,0,366.034,39.7,93.69200000000001,294.574,31.76,7.94,15.88,31.76
81,453,1,-3.2,-3.5,-0.8,4.7,10.2,14.2,16.3,15.2,11.1,6.4,2.3,-0.5,636,514,82,116,288,0,0,0,0,0,0,0,313.10999999999996,35.5,78.81,282.58,28.4,7.1,14.2,28.4
81,454,1.4794520547945205,-3.2,-3.5,-0.8,4.7,10.2,14.2,16.3,15.2,11.1,6.4,2.3,-0.5,636,514,82,116,288,0,0,0,0,0,0,0,179.66400000000002,17.784,51.984,206.568,18.240000000000002,4.5600000000000005,9.120000000000001,18.240000000000002
81,455,1.9972602739726026,-3.2,-3.5,-0.8,4.7,10.2,14.2,16.3,15.2,11.1,6.4,2.3,-0.5,636,514,82,116,288,0,0,0,0,0,0,0,150.444,19.104,48.95399999999999,179.498,15.919999999999998,3.9799999999999995,7.959999999999999,15.919999999999998
82,457,0.5178082191780822,-3.2,-3.5,-0.8,4.7,10.2,14.2,16.3,15.2,11.1,6.4,2.3,-0.5,636,483,182,94,241,0,0,0,0,0,0,0,433.83200000000005,43.554,90.52400000000002,286.09000000000003,34.160000000000004,8.540000000000001,17.080000000000002,34.160000000000004
82,458,0.9972602739726028,-3.2,-3.5,-0.8,4.7,10.2,14.2,16.3,15.2,11.1,6.4,2.3,-0.5,636,483,182,94,241,0,0,0,0,0,0,0,284.262,35.046,62.953,266.73900000000003,25.96,6.49,12.98,25.96
82,459,1.515068493150685,-3.2,-3.5,-0.8,4.7,10.2,14.2,16.3,15.2,11.1,6.4,2.3,-0.5,636,483,182,94,241,0,0,0,0,0,0,0,244.07100000000003,31.158000000000005,57.123000000000005,244.64800000000002,23.080000000000002,5.7700000000000005,11.540000000000001,23.080000000000002
82,460,2.0246575342465754,-3.2,-3.5,-0.8,4.7,10.2,14.2,16.3,15.2,11.1,6.4,2.3,-0.5,636,483,182,94,241,0,0,0,0,0,0,0,149.382,15.440000000000001,35.898,185.28,15.440000000000001,3.8600000000000003,7.720000000000001,15.440000000000001
84,466,0.08493150684931507,-3.2,-3.5,-0.8,4.7,10.2,14.2,16.3,15.2,11.1,6.4,2.3,-0.5,636,483,182,94,241,0,0,0,0,0,0,0,485.867,62.243,91.042,289.848,37.160000000000004,9.290000000000001,18.580000000000002,37.160000000000004
84,467,0.5178082191780822,-3.2,-3.5,-0.8,4.7,10.2,14.2,16.3,15.2,11.1,6.4,2.3,-0.5,636,483,182,94,241,0,0,0,0,0,0,0,396.18800000000005,29.674000000000003,81.00200000000001,295.136,32.08,8.02,16.04,32.08
84,468,0.7041095890410959,-3.2,-3.5,-0.8,4.7,10.2,14.2,16.3,15.2,11.1,6.4,2.3,-0.5,636,483,182,94,241,0,0,0,0,0,0,0,357.58799999999997,28.727999999999994,70.30799999999999,299.376,30.239999999999995,7.559999999999999,15.119999999999997,30.239999999999995
84,469,0.8657534246575342,-3.2,-3.5,-0.8,4.7,10.2,14.2,16.3,15.2,11.1,6.4,2.3,-0.5,636,483,182,94,241,0,0,0,0,0,0,0,295.02000000000004,30.360000000000003,56.1,278.52000000000004,26.400000000000002,6.6000000000000005,13.200000000000001,26.400000000000002
84,470,1.0273972602739727,-3.2,-3.5,-0.8,4.7,10.2,14.2,16.3,15.2,11.1,6.4,2.3,-0.5,636,483,182,94,241,0,0,0,0,0,0,0,259.012,25.784,49.809999999999995,251.39399999999998,23.439999999999998,5.859999999999999,11.719999999999999,23.439999999999998
85,472,0.1863013698630137,-3.2,-3.5,-0.8,4.7,10.2,14.2,16.3,15.2,11.1,6.4,2.3,-0.5,636,483,182,94,241,0,0,0,0,0,0,0,486.47399999999993,55.571,89.27799999999999,279.67699999999996,36.44,9.11,18.22,36.44
85,473,0.34794520547945207,-3.2,-3.5,-0.8,4.7,10.2,14.2,16.3,15.2,11.1,6.4,2.3,-0.5,636,483,182,94,241,0,0,0,0,0,0,0,392.922,35.505,74.955,285.618,31.560000000000002,7.890000000000001,15.780000000000001,31.560000000000002
85,474,0.5095890410958904,-3.2,-3.5,-0.8,4.7,10.2,14.2,16.3,15.2,11.1,6.4,2.3,-0.5,636,483,182,94,241,0,0,0,0,0,0,0,337.48400000000004,41.831,66.646,263.03900000000004,28.360000000000003,7.090000000000001,14.180000000000001,28.360000000000003
