sample_ID,POINT_ID,coarse,clay,silt,sand,pH_in_H2O,pH_in_CaCl,OC,CaCO3,N,P,K,CEC,GPS_LAT,GPS_LONG,MAT,RAIN,Ndep_WD_tx,EROS,WT,LU,s_c_prc,OC_pom_g_kg,OC_sc_g_kg,OC_tf,N_tf,N_pom_g_kg,N_sc_g_kg
377,47222780,25,43,51,5,5.42,4.59,68.2,1,4.2,5,127,27.9,48.00218,15.37632,7.721980416,862.8117034,15.06999969,6.246419872,-74.17083682,FR,91.913,15.315,47.664,62.979,4.345,0.652,3.693
240,46902756,15,31,67,2,5.2,4.7,22.5,3,2.6,5,100.8,7.4,47.80693,14.92761,7.086383019,941.8888791,13,5.162403782,-65.64444796,GR,97.292,2.176,18.057,20.234,2.585,0.171,2.414
464,45782636,28,4,16,80,6.96,6.58,24,6,2.2,36.2,57.1,9,46.78484,13.3626,7.821578967,1361.096455,7.070000172,14.10440461,-61.68625812,FR,21.557,12.69,12.402,25.092,2.308,0.846,1.462
257,47722672,1,32,54,14,6.19,5.81,14,0.5,1.5,17.2,171,20.7,46.9993,15.93201,9.155331312,809.9767824,14.14000034,17.63832868,-17.62691121,CR,83.896,2.765,9.279,12.044,1.518,0.199,1.32
133,45362782,21,16,38,46,4.14,3.4,84.5,0.5,4.3,27.4,108.2,9.9,48.11377,12.88688,8.36731667,1110.457803,23.63999939,0.024667641,-2.807792318,FR,40.767,43.806,28.692,72.497,4.086,2.199,1.887
149,45542694,10,17,47,36,6.16,5.75,36.6,2,3.7,11.8,89.5,9.5,47.31598,13.08048,6.726085388,1156.502555,6.340000153,3.200640467,-108.9662184,GR,58.913,10.978,22.122,33.1,4.068,1.107,2.961
122,45342706,8,27,55,18,6.16,5.66,24.5,1,2.9,5,41.1,11.8,47.43106,12.82209,7.367535134,1244.222387,20.72999954,3.436292447,-70.04180061,GR,84.655,3.7,19.953,23.653,3.326,0.285,3.042
127,45322702,14,26,34,40,5.31,4.92,51.5,0.5,6.1,47.7,426.1,8.5,47.39576,12.79371,6.57967392,1171.47659,20.72999954,7.497984737,-41.33551922,GR,40.682,24.592,26.264,50.856,6.772,3.063,3.709
563,38083120,4,15,52,33,6.97,6.38,12.3,1,1.4,117.1,185,12.4,50.96021,2.6844,10.00662676,704.3725963,17.86000061,1.009893942,-3.061278664,CR,62.197,1.832,9.976,11.808,1.43,0.157,1.273
756,46762950,16,12,29,59,5.48,4.81,14.2,1,1.5,23.8,165.5,6.9,49.55605,14.90981,7.171524782,612.815073,12.31999969,1.10600442,-31.33476803,CR,41.014,3.011,11.033,14.043,1.763,0.341,1.422
966,46243032,10,27,69,4,7.67,7.16,17.5,16,1.6,34,164,23.3,50.32087,14.25701,8.695648979,531.5558904,11.77000046,0.481583061,-25.74594451,CR,96.014,1.945,16.726,18.671,1.661,0.127,1.533
778,46682946,22,10,29,60,5.69,5.43,14.3,0.5,1.6,53.5,298.4,6.8,49.52491,14.79585,7.984272289,571.0208153,12.31999969,2.48362343,-14.51588962,CR,42.275,4.391,13.316,17.707,1.927,0.341,1.586
723,46242910,10,48,29,24,6.78,6.06,41.8,3,3.8,15.6,145.4,34.5,49.22592,14.16132,8.475553127,688.1868954,12.03999996,1.674008159,-2.404015915,GR,69.508,12.494,34.233,46.727,5.053,0.987,4.066
717,46142896,13,19,37,44,6.21,5.81,24.4,1,2.3,56.9,730.3,16.1,49.10496,14.01456,7.806065959,817.939249,12.86999989,6.506296397,-43.9563829,GR,54.59,6.259,18.173,24.432,2.69,0.477,2.213
970,46103050,9,28,67,6,7.69,7.32,21.7,17,1.9,24.7,189.4,24.5,50.48956,14.0746,9.054299214,587.3621001,12.93999958,0.777774186,-22.05414483,CR,93.022,2.345,19.829,22.174,1.951,0.162,1.789
973,46043058,20,40,53,7,6.46,6.15,32.9,1,3.3,11.7,187.6,37.5,50.56432,13.99625,7.835015036,638.0407192,12.93999958,0.32595319,-32.36527418,GR,91.842,2.956,31.401,34.357,3.875,0.234,3.641
674,47903018,7,15,39,46,5.2,4.51,22.6,0.5,2.3,12.1,181.1,7.9,50.08537,16.56254,6.630104537,604.7909755,12.18999958,3.171301027,-54.37106293,GR,49.797,4.033,15.123,19.157,2.176,0.415,1.761
1079,47443056,4,17,69,15,5.4,4.83,22.6,0.5,2.2,10.8,64.3,8.4,50.46087,15.96429,6.831464163,575.0827846,11.35999966,4.223897069,-26.57834616,GR,84.092,3.618,16.625,20.243,2.179,0.226,1.953
1067,47123044,4,21,73,6,6.94,6.56,12.2,1,1.3,51,83.6,14.5,50.37587,15.50214,8.177382309,518.0862747,12.46000004,0.952338828,-3.776897044,CR,92.469,1.623,9.256,10.879,1.41,0.118,1.292
992,46643090,10,14,70,16,4.91,4.16,18.9,0.5,1.7,5,53.1,3.3,50.81874,14.87126,7.725042972,702.2869476,13.14000034,2.168691075,-33.805828,GR,82.318,1.496,13.862,15.358,1.758,0.092,1.666
848,48802898,8,51,38,11,7.65,7.2,24.5,108,2.9,160.6,2747.4,31.8,48.93387,17.64291,8.255475834,686.0847315,12.27999973,2.713836196,-41.67789827,GR,90.603,5.399,20.944,26.343,3.369,0.504,2.865
786,48803000,19,20,56,24,6.29,5.76,18.9,1,1.8,27.5,151.7,9.2,49.84538,17.78768,7.405947333,719.2865916,11.84000015,2.142895652,-13.33591565,CR,78.761,2.635,15.508,18.143,1.971,0.214,1.756
2048,42782902,13,18,80,3,6.4,5.91,11.6,1,1.3,56.3,253,10.8,49.2295,9.40977,9.6264751,810.6807737,14.60999966,2.113394266,-27.67577184,CR,96.634,1.414,8.604,10.018,1.223,0.09,1.134
1648,42282892,17,17,80,3,7.91,7.36,12.4,94,1,13.4,133.6,15,49.13399,8.7268,9.875438596,825.7738639,14.72999954,2.11593829,-36.24163207,CR,99.334,2.222,22.563,24.786,3.316,0.162,3.155
3082,41602784,3,16,81,4,7.86,7.26,12.5,137,1.2,11.4,180.9,12.4,48.14836,7.837,9.785809129,1002.69755,13.18999958,1.888808494,-25.52889618,GR,95.285,1.265,7.247,8.512,1.028,0.118,0.91
2060,43982888,6,38,48,14,6.4,5.94,26.3,0.5,2.7,37.4,257.7,21.5,49.10019,11.05419,8.243230277,758.7083655,16.37999916,1.785327337,-41.77894366,GR,85.078,1.746,22.103,23.849,2.772,0.144,2.628
2139,43502764,10,30,34,36,6.3,5.92,35.7,0.5,3.5,18.7,178.1,22.6,47.9889,10.38831,7.748357838,1092.480982,20.36000061,0.316134935,-4.122639488,GR,58.408,7.203,24.274,31.477,3.798,0.715,3.083
2513,43362748,9,21,34,45,5.53,5.2,29.4,1,2.8,41,196.4,12.6,47.84542,10.20029,7.469396165,1269.170371,22.73999977,2.415167388,-117.4471156,GR,51.15,7.105,21.859,28.963,3.218,0.591,2.628
2540,46023334,9,16,27,57,7.52,7.11,10.3,10,1.1,14.6,142.7,12.1,53.04146,14.19191,8.736118107,521.5841425,11.10999966,0.795951932,-24.02871953,CR,43.186,1.734,8.797,10.531,1.102,0.094,1.008
1232,45683350,6,4,15,80,5.78,4.81,7.2,0.5,0.7,59.7,0,3.1,53.20157,13.69784,8.444022461,541.3189431,11.10999966,0.931293717,-2.389697215,CR,23.916,1.73,5.295,7.025,0.728,0.15,0.578
2532,45703230,6,2,4,93,6.16,5.46,7.4,0.5,0.6,39.4,12.5,3.5,52.12389,13.63739,9.059740376,554.766467,13.97999954,0.091296524,-8.51115819,GR,10.8,2.032,6.302,8.334,0.838,0.258,0.58
2917,44963220,4,5,18,77,4.11,3.45,33.5,0.5,1.5,5,26.7,7.1,52.06236,12.5523,8.781031864,587.5036573,12.47999954,0.21849427,-13.47015083,FR,24.971,9.02,12.168,21.188,1.076,0.443,0.633
40007,42362968,8,16,70,14,7.5,7.05,12.7,59,1.2,34.9,257.7,12.9,49.81839,8.81896,9.746871917,812.9129702,17.12000084,3.657874671,-21.0561816,CR,82.046,2.052,10.045,12.097,1.08,0.111,0.969
2214,42763084,5,9,24,67,4.5,4.08,15.1,0.5,1,10,47.3,5.7,50.86574,9.3608,8.229697707,715.4165574,15.47999954,3.500367771,-71.91730946,FR,32.622,2.5,10.726,13.226,0.856,0.167,0.689
1243,45303412,4,14,23,63,5.61,5.18,18.1,1,2,10.9,80.4,12,53.77414,13.1707,8.102467145,568.2973999,11.36999989,0.526162992,-6.792784746,FR,38.521,2.505,16.375,18.88,2.319,0.284,2.035
1225,44923354,4,2,7,91,5.89,5.33,6.2,0.5,0.9,36,37.8,3.7,53.26738,12.56336,8.33208588,584.5118045,12.75,0.213633765,-6.627442852,FR,12.117,1.871,4.742,6.613,0.695,0.203,0.492
1401,44603400,13,3,6,91,6.7,6.24,6.3,2,0.6,40.3,64.2,3.2,53.68931,12.1041,8.460821779,578.9101517,13.11999989,0.452766234,-6.905521839,CR,12.519,2.039,4.434,6.473,0.622,0.126,0.496
3031,43443256,4,3,11,86,6.33,6.19,5.2,1,0.6,47.4,237.1,4.7,52.41298,10.338,9.229503001,645.2310861,12.68999958,0.272154343,-1.351869297,CR,14.814,1.737,3.632,5.37,0.596,0.228,0.368
2472,43103214,2,35,61,4,6.15,5.86,39.4,2,2.6,16.3,124.7,24.5,52.03585,9.83974,8.507228083,908.7374094,15.81000042,0.02190472,-50.98325553,FR,95.122,11.162,23.942,35.105,2.884,0.444,2.44
2629,42663262,15,24,31,45,7.76,7.3,25.7,323,2.7,10,161.1,4.7,52.46461,9.1915,9.444506651,727.8434083,17.88999939,0.317912333,-24.25652335,FR,52.904,7.033,21.323,28.356,2.856,0.6,2.256
40034,44023318,2,8,23,69,6.11,5.49,17.6,0.5,1.6,30.3,153.1,9.3,52.96451,11.20552,9.197708407,535.2023455,14.63000011,0.162018356,-1.423811517,CR,31.649,2.614,16.875,19.489,2.056,0.206,1.851
1161,43363284,4,2,10,88,4.63,3.74,34.4,0.5,1.2,11.3,35.7,5.6,52.66483,10.2217,9.067688583,714.5407406,16.03000069,0.078903797,-12.68402113,FR,16.029,5.48,25.357,30.837,1.058,0.235,0.823
1163,43243280,11,6,8,86,6.31,5.87,19.4,0.5,1.4,17.2,63.3,8.6,52.62906,10.04429,9.222012634,678.5986639,16.03000069,0.288081752,-2.819038299,FR,18.754,4.506,13.957,18.463,1.237,0.194,1.043
2621,41423252,5,2,5,93,6.35,5.64,15.6,1,1.2,100.6,88.5,7,52.34843,7.37256,9.431980481,746.1752146,21.97999954,0.263650714,-8.667662233,CR,12.89,7.842,12.916,20.758,1.529,0.615,0.914
1813,41243186,6,5,26,69,3.98,3.48,74.9,1,3.6,75.8,75.4,10,51.74964,7.14665,9.52039765,845.5177773,23.13999939,0.244303371,-25.68571371,FR,27.037,53.341,21.697,75.038,3.396,2.31,1.086
2194,42763182,11,34,64,3,5.33,4.43,31.4,0.5,2.2,5,71.7,15.6,51.74654,9.34846,8.714272511,844.1547331,17.79000092,3.724977735,-17.43106667,FR,93.724,7.565,18.876,26.441,2.208,0.287,1.921
2709,42183180,5,3,6,91,5.8,5.26,13.9,1,1.2,16.7,17.4,3.7,51.7209,8.5094,9.54771722,830.2207846,20.12000084,0.16421549,-0.602360238,GR,11.188,3.749,10.693,14.442,1.264,0.392,0.872
1915,41763118,25,16,62,22,5.31,4.63,27.3,1,2.8,22.4,63.1,8.4,51.15464,7.92721,8.293695371,1102.469509,16.65999985,8.265673784,-30.08655473,GR,78.1,3.72,22.266,25.987,2.975,0.399,2.577
1635,41962892,3,9,41,51,7.24,6.64,11.1,5,1.2,83.4,277.7,8.1,49.12802,8.28756,10.41497269,728.9442022,14.73999977,0.935509771,-2.655596746,CR,49.548,2.203,7.467,9.67,0.961,0.149,0.812
1533,46183120,7,11,53,35,3.84,3.35,79.4,1,4,26.7,72.1,9.3,51.11356,14.24395,7.977603442,756.3947559,14.42000008,2.842823632,-19.76833012,FR,59.972,40.221,36.283,76.504,4.188,2.003,2.185
1521,45403142,3,8,58,33,7.24,6.79,14.1,2,1.5,53,239.8,9.4,51.34646,13.14434,9.056431739,585.6007914,13.56999969,2.50046019,-52.64508332,CR,64.623,3.426,9.655,13.081,1.369,0.239,1.131
2839,44883126,16,17,11,72,4.62,3.77,14.2,1,0.5,5,50.3,6.7,51.22047,12.39081,9.394802442,559.0852048,14.23999977,0.203891566,-0.682624478,FR,27.7,2.332,9.895,12.227,0.507,0.106,0.401
2328,44243166,7,25,62,13,7.72,7.15,23.3,11,2.1,44.1,315.3,21.6,51.59513,11.48651,8.775307642,564.0790276,11.69999981,2.008847821,-33.02320445,CR,86.042,6.344,18.163,24.507,2.284,0.391,1.894
2348,44203146,13,22,65,12,7.99,7.16,14.8,5,1.4,25.7,244.8,16.3,51.4161,11.42313,8.881464999,530.304491,11.69999981,1.2572401,-14.80108632,CR,86.21,2.19,10.104,12.294,1.302,0.14,1.161
2384,44083194,4,23,67,11,6.79,6.39,14,0.5,1.5,71.1,252.5,15.2,51.84944,11.26264,9.191048545,472.6654569,11.69999981,0.908654703,-3.635068188,CR,89.361,2.161,12.037,14.198,1.506,0.17,1.336
2346,44023164,19,23,52,25,4.54,3.8,10.8,0.5,1,5,42.1,7.9,51.580727,11.16856,7.502000188,691.285847,11.18999958,0.036281723,-34.39747122,FR,80.257,2.452,7.115,9.567,1.225,0.189,1.036
40002,43843470,5,17,29,54,7.54,7.11,35.1,70,3.1,75.3,127.3,25.2,54.33268,10.96825,8.649999936,662.6034686,11.40999985,0.347301389,-1.426910797,GR,45.545,6.029,27.592,33.621,3.325,0.44,2.884
3200,43123588,13,13,27,60,6.48,5.95,14.5,2,1.6,79.8,206.4,10.6,55.39679,9.8581,8.10401289,634.6063852,11.61999989,0.187609769,-2.582392399,CR,40.999,2.215,11.615,13.83,1.621,0.271,1.351
3165,42943686,6,9,22,69,6.63,6.2,54.7,1,3.3,136.1,111.5,22.5,56.27687,9.5645,7.597719895,734.3278007,11.10000038,0.672334549,-22.41816197,CR,30.7,15.747,38.528,54.275,3.417,0.951,2.466
3213,42903702,13,12,24,64,6.02,5.62,13.4,1,1.3,40,97.3,8.4,56.42041,9.49828,7.656583388,730.6603952,11.10000038,0.680755515,-29.12681758,CR,36.336,1.542,11.58,13.122,1.385,0.172,1.213
3379,52944140,13,8,28,64,6.14,5.56,20.2,0.5,2,27.1,81.5,9.3,59.2915,27.23451,4.723294507,632.9208814,5.409999847,0.166596831,-2.238697323,GR,36.066,3.46,15.746,19.206,1.826,0.308,1.518
3563,52384132,19,19,49,32,7.8,7.27,20.6,44,2.1,53.1,253.8,21.5,59.3396,26.24411,5.014971897,642.2843695,5.110000134,0.448405486,-1.356191419,CR,67.129,2.652,18.283,20.935,2.058,0.177,1.881
3511,51904062,17,9,37,54,7.31,6.83,16.4,21,1.4,5,48.4,10.1,58.82254,25.14748,5.314094664,708.342675,6.199999809,0.435812972,-0.34927407,GR,44.91,3.595,10.894,14.489,1.371,0.284,1.087
3512,51704072,4,17,39,44,6.98,6.57,25.3,6,2.6,25.1,106.4,18.6,58.94776,24.84629,5.288131387,730.7145712,5.71999979,0.55019646,-2.737407777,GR,53.818,5.905,21.317,27.222,2.929,0.476,2.453
3382,51424114,7,20,26,54,6.57,6.42,79,1,7.2,16.2,70.1,42.5,59.36782,24.5254,5.576073936,666.9532679,4.869999886,0.163941761,-2.467066134,FR,27.995,52.236,32.81,85.046,8.673,5.288,3.385
6441,29122266,36,5,45,49,5.55,5.11,59.9,3,2.6,5,83.5,7,42.04849,-7.12514,10.39085559,1194.004443,5.050000191,2.52368212,-23.93536849,SHR,45.096,32.178,28.821,60.999,3.083,1.444,1.639
6433,28562308,33,12,23,64,5.16,4.48,39.6,0.5,1.8,5,170.7,12,42.29946,-7.89619,13.91505654,1602.63516,4.889999866,2.866220628,-15.03485253,FR,36.352,14.922,20.983,35.904,2.004,0.615,1.389
6430,28482290,7,9,18,73,5.92,5.07,18.6,0.5,1.5,52.6,110.6,8.3,42.12506,-7.94286,12.2002047,1584.562349,4.730000019,4.643388264,-30.84321714,CR,30.332,4.193,14.174,18.368,1.828,0.327,1.501
5208,29862388,20,12,63,25,5.34,4.58,52.3,2,4.4,10.6,149.1,10.3,43.26765,-6.55077,10.897904,1151.948307,6.730000019,3.078449076,-31.19221202,GR,63.74,13.446,35.79,49.236,5.132,1.198,3.935
24208,32562340,32,20,63,18,4.77,4.38,46.5,0.5,3.3,11,233.3,13.4,43.32423,-3.17138,13.17143679,1171.545625,11.17000008,1.100349468,-74.99435683,FR,86.38,15.386,30.682,46.069,3.862,0.792,3.07
5802,33062268,4,18,21,60,6.83,6.48,21.4,1,1.9,5,211.6,15.5,42.76154,-2.42584,10.48613994,791.8736055,10.11999989,1.925953814,-37.18992424,GR,39.585,5.544,15.747,21.291,2.164,0.386,1.778
5789,33642286,3,34,64,3,6.36,5.17,47.7,0.5,3.5,46.4,435.9,17,43.00564,-1.75774,11.19176906,1073.289859,12.28999996,3.629182612,-37.91750458,GR,90.863,12.56,33.674,46.234,3.879,0.685,3.194
5760,33622266,27,41,43,16,7.94,7.44,10,45,1.5,15.6,135.6,26.9,42.82475,-1.74628,12.46662536,857.3217518,7.920000076,3.52337537,-8.083518067,CR,86.361,2.141,12.202,14.343,1.502,0.091,1.41
5716,33602196,6,30,59,11,8.33,7.54,12.4,325,1.6,32.4,176.9,15.3,42.19838,-1.64748,14.04345814,450.7668656,6.309999943,1.512609212,-9.194341703,F40,89.993,1.582,6.164,7.745,1.639,0.131,1.508
5765,33582234,16,33,57,10,7.79,7.22,30.3,413,2.4,5,373.2,16.4,42.53415,-1.73783,12.85008798,603.6166776,7.920000076,3.265003971,-29.93401906,SHR,87.642,10.537,14.554,25.092,2.112,0.594,1.518
5718,33562196,2,26,69,5,8.3,7.6,13.3,322,1.6,41.9,391.5,14.4,42.19279,-1.69531,14.08339086,442.0327797,6.309999943,0.829717221,-2.990756308,CR,96.11,3.936,7.509,11.445,1.62,0.139,1.481
5723,33222206,28,11,26,64,8.6,7.45,6.5,104,0.5,5,67.7,8.8,42.23349,-2.11962,11.88930549,466.2128836,6.71999979,5.702216155,-58.69204305,CR,39.245,1.554,2.129,3.684,0.342,0.009,0.333
5727,32582246,3,31,60,9,8.16,7.57,7.5,460,1,5,246.3,12.2,42.49322,-2.961,11.7269035,551.7820548,6.420000076,3.763501925,-9.126246108,CR,92.398,1.008,10.842,11.85,0.995,0.076,0.919
5559,34662130,34,24,38,38,7.83,7.24,34.8,478,2.7,48.1,286.7,17.7,41.74793,-0.27608,14.44918302,425.4910529,7.429999828,1.1869695,-28.52018902,CR,63.279,10.151,21.903,32.055,2.922,0.65,2.272
5471,34642160,5,16,49,35,7.9,7.2,9.2,306,1.2,5,128.1,5.9,42.01364,-0.34557,14.15073483,498.8439824,8.050000191,5.539573529,-45.33615175,GR,64.747,2.722,6.494,9.215,1.178,0.301,0.877
5546,34462116,7,32,62,6,7.58,7.52,16.6,330,1.5,5,160.4,7.9,41.59794,-0.49236,14.83878669,384.9695313,7.429999828,2.80143989,-20.68896448,CR,93.851,3.974,14.227,18.201,1.641,0.198,1.443
5572,33962088,32,29,34,37,7.8,7.04,8.5,1,1,15.5,194.4,13.2,41.28349,-1.03998,12.49879494,399.4864565,6.480000019,4.623443361,-49.48259153,CR,63.521,1.472,6.651,8.123,0.96,0.097,0.863
5709,32442260,2,52,44,4,8.08,7.43,24.7,67,2.3,49.8,896.9,35.8,42.59564,-3.15646,10.90588547,643.5352617,5.829999924,1.657902037,-36.37588894,CR,99.402,3.062,31.048,34.109,2.812,0.207,2.605
6243,31802268,7,47,47,6,8.32,7.48,10.5,607,1,14.5,243.8,19.7,42.56294,-3.94056,10.7964986,589.8732422,5.579999924,4.998457971,-33.20881481,CR,96.152,6.097,9.528,15.626,0.862,0.076,0.787
6158,31382252,26,8,18,74,7.92,7.65,13.6,4,1.9,78.8,1089.1,7.2,42.350208,-4.408936,11.40013776,472.638744,4.610000134,2.571769424,-26.82638593,CR,27.075,4.838,6.964,11.802,1.347,0.451,0.895
4802,31202176,11,41,46,13,8.09,7.51,14.9,574,1.2,12.4,305.9,13.9,41.646722,-4.460467,11.76594751,413.9429142,4.789999962,5.606207868,-35.67558473,CR,89.651,1.531,10.319,11.85,1.287,0.096,1.191
6097,31062252,10,10,19,71,6.45,6.35,4.8,1,0.7,19.5,77.7,5.7,42.294433,-4.790491,11.42045253,484.9561144,4.789999962,0.748171962,-21.26217101,CR,30.568,1.753,3.338,5.091,0.603,0.118,0.485
6149,30822300,11,14,34,53,5.99,4.95,15.6,0.5,1.4,5,59.7,3,42.675287,-5.18493,10.38992204,587.998367,4.170000076,0.252508468,-5.220797173,FR,44.864,5.445,8.587,14.032,1.284,0.372,0.912
4724,30682044,28,4,15,81,7.08,6.47,11.1,1,1,12,152.6,6.2,40.38758,-4.79022,11.70949311,393.4286985,5.340000153,4.316962197,-29.62653941,SHR,20.125,5.18,7.261,12.441,0.981,0.348,0.633
5926,30582222,7,13,31,56,7.69,7.1,9.2,5,0.9,17.4,153.7,7.4,41.94337,-5.29365,12.13577541,499.6439725,4.309999943,1.776044077,-30.84201492,CR,43.846,2.373,5.525,7.897,0.829,0.134,0.696
5038,30042244,18,23,42,35,7.09,6.49,6.7,3,0.8,5,93.1,9.9,42.03664,-5.98356,12.11609815,720.9103116,3.74000001,0.855110702,-31.26265068,CR,62.173,1.272,6.199,7.472,0.814,0,0.814
4373,32901910,13,38,40,22,8.13,7.49,9.6,240,1.1,14.8,421.5,26.3,39.54837,-1.98269,13.62011658,432.7823195,4.579999924,1.484492504,-36.33369943,CR,74.108,2.183,6.735,8.917,1.325,0.187,1.138
4595,32542000,19,29,54,18,8.14,7.52,13.9,279,1.4,18.8,450.5,28.7,40.29886,-2.55189,13.18308764,471.4832057,4.630000114,3.936661956,-26.08063842,CR,82.524,0.457,12.995,13.452,1.515,0.175,1.34
24010,32382082,34,12,31,57,6.98,6.44,36.1,3,1.8,5,169.6,13.6,41.00472,-2.88685,12.12833252,423.262463,4.460000038,6.014196121,-23.36159545,SHR,42.036,22.965,15.768,38.733,2.214,0.942,1.272
4632,32381944,18,31,38,31,8.11,7.52,19.4,455,1.6,27.5,540.8,18,39.77579,-2.63782,13.62371442,460.2667439,4.099999905,5.482469143,-20.70474936,CR,63.379,11.828,9.36,21.188,1.393,0.229,1.165
24065,32262048,26,28,51,21,8.11,7.49,11.2,370,1.3,18.3,211.5,21.2,40.68377,-2.9641,11.98770691,440.1850769,5.050000191,4.021600449,-66.64133024,CR,81.058,2.188,9.985,12.173,1.056,0.101,0.956
24054,32102064,11,12,38,50,6.65,5.87,4.8,3,0.7,40.6,161.8,6.1,40.80122,-3.18052,12.94806467,387.7412077,5.059999943,5.858401712,-40.63364935,CR,46.63,1.633,3.413,5.046,0.639,0.167,0.472
24002,32002068,24,22,42,36,5.56,4.95,8.4,1,1.1,32.3,229.2,7.8,40.821,-3.30481,12.09810855,387.5327319,5.059999943,2.088557859,-47.22101792,A22,61.294,1.137,6.083,7.22,0.887,0.071,0.816
4547,30761988,16,28,31,41,8.14,7.29,9.1,20,1.1,5,298.1,22.7,39.90529,-4.58263,15.42178761,337.4799506,4.75,2.668376712,-30.29046847,GR,57.068,2.095,8.655,10.75,1.209,0.124,1.085
3995,29281846,13,47,32,21,7.9,7.4,10.3,35,1.2,13.2,380.1,41.7,38.3798,-5.9645,15.55966041,649.3494787,4.230000019,1.876332622,-47.21512454,CR,80.014,1.091,11.242,12.333,1.38,0.077,1.303
4583,28722000,44,10,54,36,6.32,5.31,19,4,2,13.8,98.4,8.3,39.63006,-6.94127,16.20601821,631.1679473,4.409999847,0.644675163,-20.93294997,GR,64.602,9.037,10.02,19.057,2.262,0.861,1.401
4307,34281900,10,16,64,20,8.37,7.51,19.8,113,1.6,5,380.9,23.2,39.6421,-0.38163,16.61058358,426.7494124,8.829999924,1.406260948,-30.83874007,CR,76.003,3.543,13.875,17.418,1.758,0.279,1.479
3781,31621746,3,36,52,13,7.88,7.38,9.9,448,1.1,5,442.7,19.8,37.89355,-3.15307,16.37593877,375.1307563,4.449999809,11.42162272,-35.8001075,CR,89.796,2.359,7.758,10.117,1.142,0.16,0.981
3694,30981674,22,19,41,40,7.84,7.41,19.3,334,1.3,18.1,206.3,12.5,37.14947,-3.73749,16.00924359,400.099944,3.440000057,12.47589407,-31.87222838,CR,52.035,4.375,9.535,13.91,1.276,0.363,0.912
3757,30941754,9,53,36,11,8.39,7.58,3.6,384,0.7,5,517.2,27.5,37.85609,-3.92651,16.93488049,450.87228,5.019999981,22.15428037,-44.28812039,CR,90.781,0.545,6.778,7.322,0.74,0.046,0.694
3661,30241660,12,37,23,40,7.13,6.79,16.2,2,2,137.2,587.9,21.2,36.90142,-4.52744,16.38574673,591.5932705,4.909999847,12.5660134,-28.04727676,CR,57.69,3.502,12.409,15.911,2.033,0.361,1.672
3853,29981716,39,57,37,6,8.19,7.4,9.7,278,1.1,5,548.1,44.2,37.35452,-4.92078,17.28215078,567.2358545,5,6.653852654,-24.77099152,CR,94.806,2.636,11.056,13.692,0.995,0.051,0.944
3950,29761754,19,35,27,39,7.94,7.32,10.9,64,1.2,17.2,486.3,22,37.65293,-5.23936,17.54579051,540.4224875,5.940000057,3.571959578,-38.87104561,CR,61.014,5.51,8.727,14.237,1.32,0.299,1.021
3900,29501736,0,56,35,9,8.35,7.5,9.8,97,1.2,13.7,40.9,38.2,37.44606,-5.49121,17.71779697,553.0821489,5,2.558845483,-4.197641315,CR,92.438,1.12,8.637,9.757,1.656,0.228,1.427
3930,29181758,9,57,38,4,7.94,7.35,12.6,200,1.4,10.7,777.4,27.6,37.5819,-5.89044,17.90105383,521.6657113,5.099999905,2.389102058,-7.305854638,CR,96.434,1.848,10.588,12.436,1.479,0.041,1.438
3871,28981714,1,56,39,5,7.92,7.85,15.6,252,1.6,56.8,753,22,37.15503,-6.01948,17.8754137,540.574703,5.269999981,1.044268791,-5.68E-14,CR,94.975,1.715,12.795,14.51,1.596,0.129,1.466
3647,28741666,16,43,36,20,7.67,7.24,20.6,215,1.6,19.6,850.3,28.5,36.68343,-6.18363,17.86956399,563.1362489,5.210000038,8.852400099,-9.785959619,CR,78.472,2.02,42.033,44.053,6.407,0.302,6.105
7368,53604556,2,3,33,64,5.09,4.17,27.1,0.5,1.1,5,34,1,62.72349,30.56561,2.056421332,672.8907751,3.579999924,0.003038066,-12.28578316,SHR,34.995,3.682,9.718,13.4,0.813,0.186,0.627
7701,53384478,3,4,34,62,4.42,3.88,30.8,0.5,1.7,11.9,30.7,5.4,62.1106,29.70322,3.030579247,591.9660412,3.420000076,0.000640664,-4.151679441,FR,38.716,9.698,15.521,25.219,1.622,0.502,1.12
7713,53164616,3,2,26,72,5.39,4.55,15.8,0.5,0.8,5,34.2,3.5,63.35118,30.09801,1.849570171,625.3711399,3.099999905,0.002850588,-26.11978539,FR,29.225,4.59,7.338,11.929,0.619,0.235,0.384
7306,52984544,3,5,7,88,4.63,4.1,30.2,0.5,2.1,30.2,100.1,5.1,62.77737,29.33438,2.579825482,622.4084838,3.430000067,0.160641771,-5.68E-14,FR,13.378,11.143,16.882,28.026,2.181,0.976,1.204
8097,52664748,10,5,25,70,5.04,4.24,39.4,0.5,1.8,29.4,27.3,5,64.61197,29.9423,0.585647884,601.5193563,2.019999981,0.004781983,-14.08133737,FR,27.457,22.849,19.731,42.58,1.867,0.968,0.899
7627,52444508,33,5,17,77,4.81,3.97,53.5,0.5,3,25.3,65.4,7.4,62.59477,28.12273,3.068875424,620.7388401,3.309999943,0.027965166,-12.46606199,FR,18.348,28.608,17.029,45.636,2.754,1.604,1.15
8122,51484702,11,3,16,81,4.44,3.55,26.1,1,0.7,19.9,35,5.2,64.49519,27.30969,1.694507365,590.1720915,2.609999895,0.000558349,-8.930781673,FR,15.768,10.579,5.591,16.17,0.536,0.336,0.2
7900,51484622,28,28,64,8,4.72,3.77,44.6,1,2,68.2,86.8,11.4,63.79885,26.88131,2.147428807,602.7601415,3.099999905,0.34591477,-15.00225881,CR,90.675,22.504,19.849,42.353,2.206,0.586,1.619
7917,51324680,2,33,56,11,5.35,3.76,3.1,0.5,0.3,34.6,153.8,13.2,64.3387,26.87026,1.963528433,575.983854,2.609999895,0.000707915,-2.749599078,FR,87.695,0.56,2.044,2.605,0.387,0.045,0.343
7079,53424390,2,3,8,89,5.03,4.08,19.9,0.5,0.9,40.3,45.3,3.9,61.34378,29.29207,3.600052233,631.5121145,4.019999981,0.175805623,-8.023174081,FR,13.656,7.445,12.054,19.499,0.917,0.359,0.559
6760,51884268,23,51,40,9,6.12,5.19,29.1,1,2.2,57.6,306,15.8,60.62921,25.95274,4.370942395,657.401685,5.190000057,0.025399954,-5.732778991,CR,92.589,5.996,22.231,28.227,2.507,0.271,2.236
43026,51084210,5,43,53,4,5.72,4.76,19.3,0.5,1.8,5,116.2,11,60.27251,24.29568,4.784819103,665.6259073,4.820000172,0.279551415,-19.47057159,CR,98.234,2.437,17.132,19.569,1.878,0.146,1.732
7218,51024304,4,26,67,8,6.06,5.57,23.2,0.5,1.9,20,341.9,12.4,61.1086,24.55586,3.902912382,595.1088116,4.489999771,0.10185794,-2.800951029,CR,93.702,3.581,18.656,22.237,1.955,0.162,1.793
7252,50924292,7,10,39,51,4.14,3.84,110.8,1,7.6,52.4,151.8,15.7,61.02187,24.32807,4.124299481,593.3898554,4.489999771,0.155867137,-23.10819165,FR,33.644,72.667,37.816,110.483,8.864,5.709,3.155
6565,50664204,7,36,49,15,5.76,4.99,32.1,1,2.5,98,216,16.4,60.29353,23.53,4.748638965,708.4011858,6.139999866,1.184344427,-15.2071324,CR,86.633,5.758,25.409,31.168,2.723,0.352,2.371
6530,49784208,2,63,29,8,5.84,4.89,36.5,1,2.6,17.2,319.7,19.5,60.47084,21.97681,5.316910601,650.8201161,5.880000114,0.459067043,-11.5142288,FR,91.645,7.91,24.79,32.7,3.278,0.396,2.882
6547,49504222,23,28,30,42,6.84,6.25,12.7,0.5,1,42.7,125.9,13.4,60.63616,21.51993,5.093474967,614.0617345,5.75,0.048633495,-4.99494953,CR,58.018,2.039,10.345,12.384,1.308,0.131,1.178
7525,50544516,5,7,88,5,6.44,5.96,37.4,1,2.2,47.3,114.7,11,63.05977,24.54746,2.561910765,596.5243811,3.640000105,0.147439534,-1.779166446,CR,92.33,7.707,27.265,34.972,2.049,0.424,1.625
7101,50504356,27,34,51,14,5.89,5.18,30.2,0.5,2.1,31.1,241.2,14.5,61.65969,23.81208,3.753609951,619.5668126,4.130000114,0.337151719,-1.127725139,GR,88.823,4.721,25.226,29.947,2.599,0.243,2.356
7213,50384436,5,5,23,72,4.42,3.14,72.2,1,2.7,28.5,64.9,6.3,62.38514,23.90614,2.894782292,607.9216918,3.720000029,0.000999781,-12.07980548,FR,15.486,47.947,7.925,55.872,2.146,1.691,0.454
7087,50344366,7,5,16,80,5.85,5.55,24.7,2,1.8,12.5,26,3.2,61.7756,23.55485,3.420511358,664.0082364,4.130000114,0.002625744,-9.986369969,GR,22.204,7.665,15.72,23.386,1.917,0.602,1.315
8243,50264450,7,3,31,66,4.57,3.64,43,0.5,1.6,16,77.8,10.4,62.52953,23.73545,2.891236822,575.5176494,3.369999886,0.020855971,-3.451739961,FR,26.2,21.02,12.531,33.551,1.648,0.749,0.899
7086,50204400,7,3,35,61,5.17,4.24,21.5,1,1,5,34.1,4.7,62.09929,23.42509,3.086709119,642.0664288,4.130000114,0.000704771,-1.793902008,FR,35.794,9.605,9.46,19.065,0.868,0.396,0.472
6820,50144290,7,32,56,12,5.79,4.94,25,0.5,2.1,29.1,156.2,12.2,61.13882,22.90613,4.11278147,601.5613552,4.739999771,0.365271833,-1.614520677,CR,89.616,4.368,19.402,23.77,1.977,0.214,1.764
8071,49784574,22,5,44,51,4.59,4.23,22.1,0.5,1.9,43.8,71.4,3.5,63.70593,23.30988,3.042784458,534.0797869,4.329999924,0.240559164,-5.102261693,CR,46.375,6.015,16.551,22.566,1.884,0.472,1.413
43034,49524464,4,15,57,28,5.18,4.61,33.9,1,2.5,17.8,288.9,13.6,62.77641,22.3764,3.579069379,549.8677525,3.950000048,0.128090481,-5.693491442,FR,69.342,8.727,24.453,33.181,2.641,0.461,2.18
7155,49484440,11,11,40,49,5.32,4.22,9.7,0.5,0.8,5,48.1,2.3,62.57029,22.21278,3.595449654,593.6707666,3.950000048,0.222066584,-9.476044719,FR,51.044,2.845,6.222,9.067,0.578,0.15,0.428
7801,49924566,7,4,26,70,4.68,3.88,45.9,0.5,1.6,15.6,63,3.4,63.61128,23.55298,2.935271278,533.7271176,4.329999924,0.117651011,-4.810994513,FR,27.116,16.589,13.924,30.514,1.234,0.617,0.617
8408,39422854,6,20,74,6,6.92,6.59,9,1,1.1,46.6,263.1,9.9,48.68017,4.85031,10.63992408,820.26005,12.61999989,0.356582616,-1.992137849,CR,95.094,0.91,6.964,7.874,0.947,0.056,0.891
9139,39382810,51,34,53,13,7.66,7.19,44.6,106,3.6,58,545,33,48.28292,4.83694,9.806784516,810.6126778,11.81999969,0.701940425,-32.65087383,GR,88.52,13.78,34.033,47.814,4.603,0.646,3.957
9374,39002980,15,20,76,4,5.95,5.69,24.5,0.5,2.6,23,177.7,12.7,49.78154,4.148113,9.373523216,856.6896182,12.42000008,0.690193274,-29.00081644,GR,94.286,4.04,17.537,21.577,2.622,0.334,2.288
9388,38302972,7,25,69,6,6.72,6.36,10.1,1,1.3,30.6,293.9,15.3,49.655714,3.189963,10.09091587,653.1997362,11.78999996,3.118163353,-11.23660109,CR,91.866,0.893,0.92,1.813,1.556,0.062,1.494
9730,37862960,5,22,72,6,7.63,7.24,13.2,9,1.5,71.5,470.1,17.1,49.510133,2.599668,10.16085263,652.2618099,12.06999969,1.837187423,-12.66792342,CR,93.916,2.3,11.12,13.42,1.555,0.145,1.41
10337,37763022,10,20,76,4,7.19,6.75,10.2,3,1.2,29.6,109.9,13.5,50.055114,2.374799,9.681196666,713.1736461,11.69999981,1.125777788,-13.4873572,CR,92.345,1.198,8.602,9.799,1.35,0.093,1.257
10195,36723010,16,14,79,7,6.9,6.56,8.2,1,1,39.7,160.7,10.2,49.841979,0.95229,10.70665354,737.6339698,12.56999969,1.885013593,-23.10349255,CR,81.791,0.972,6.771,7.743,1.07,0.078,0.992
10193,36243004,3,10,59,32,5.99,5.49,17.6,0.5,1.7,35,102.5,6,49.733494,0.298734,10.81419697,747.2732427,13.06999969,2.408926092,-28.87749994,CR,58.517,4.22,12.997,17.216,1.653,0.283,1.37
8523,36962834,4,21,73,6,6.4,5.62,9.9,0.5,1.1,51.9,170.9,11.7,48.297393,1.559014,10.61428329,612.8757615,9.720000267,0.824741223,-12.48384125,CR,95.055,1.752,8.679,10.43,1.068,0.084,0.984
9030,35522964,6,19,76,6,6.47,5.92,12.6,0.5,1.5,32.3,129.7,10.8,49.288858,-0.610234,11.15404654,764.506506,9.600000381,1.40742425,-13.348662,CR,89.666,0.998,10.948,11.946,1.448,0.066,1.383
8473,34922890,9,14,78,8,7.42,6.71,16.1,2,1.7,73.4,289.2,11.1,48.551406,-1.275005,11.18258382,779.1323323,17.12999916,1.174319796,-26.10031,CR,86.573,2.561,11.783,14.344,1.474,0.183,1.291
25594,38002654,6,16,24,60,7.35,6.95,48.2,10,4.2,121.5,209.6,26.2,46.783509,3.172694,10.78354131,765.9739339,11.47000027,0.787434726,-36.03924063,GR,35.804,21.71,30.988,52.698,4.95,1.742,3.208
9797,38043050,4,16,81,3,7.38,6.85,9.8,3,1.1,70,202.6,10.4,50.33093,2.725768,9.98146382,698.4546955,13.92000008,1.342851165,-12.06494211,CR,94.739,1.55,8.624,10.174,1.284,0.09,1.194
9642,41122890,6,36,52,12,7.09,6.66,49.7,12,4.1,5,485.5,36.8,49.086575,7.138689,9.282198846,867.7030114,12.81000042,0.608758818,-56.2087538,GR,95.432,10.301,39.995,50.297,4.957,0.592,4.365
9651,40522906,2,41,52,7,7.77,7.25,27,14,2.6,5,184.3,27.3,49.206363,6.307497,9.565076416,816.4295312,13.69999981,1.2180896,-17.65463831,GR,96.565,2.954,22.587,25.541,2.674,0.149,2.525
9653,40342916,6,20,76,5,5.11,4.46,25.6,1,1.8,28.5,132.2,4.1,49.287701,6.053741,9.257799446,864.2946194,13.69999981,0.016242468,-47.56480167,FR,96.561,6.207,15.961,22.169,1.643,0.214,1.429
10374,40142776,11,30,63,7,6.44,5.53,34.5,1,3.2,31.9,119.4,17.1,48.020614,5.884201,9.704651816,893.4257826,12.17000008,3.849853949,-27.86635318,GR,91.872,6.527,23.391,29.918,3.41,0.461,2.949
8602,40102680,11,39,58,3,6.17,5.96,30.5,2,3.2,15.9,238.2,23.8,47.156121,5.899845,10.54128509,1107.725173,13.92000008,5.05201396,-18.84441692,GR,97.029,2.131,25.072,27.203,3.34,0.135,3.205
11209,39782614,6,27,69,4,5.69,5.24,36.9,0.5,3.8,12,135,18,46.546383,5.529393,9.697695748,1192.375166,13.64000034,3.991221825,-16.05560241,GR,92.725,6.21,28.717,34.927,4.591,0.544,4.046
11208,39722602,6,29,61,10,7.31,7.01,53.3,107,5.4,15.7,195.3,34.7,46.435255,5.460552,10.36860157,1126.267358,13.64000034,1.670965177,-5.702796295,GR,92.786,8.449,44.851,53.3,6.715,0.539,6.176
10096,35762812,4,22,67,12,5.6,5.25,49.5,2,4.5,66.9,243.4,18.7,47.966618,-0.006396,11.55827566,695.4233473,14.35999966,0.696450451,-2.241580108,GR,77.027,16.375,31.173,47.548,4.82,1.245,3.575
8437,35202828,7,17,73,10,4.08,3.26,70.2,0.5,3.2,5,87.1,7.6,48.038229,-0.779806,11.47810913,756.424266,16.40999985,0.007934791,-50.44116217,FR,79.518,26.161,30.686,56.847,2.849,1.165,1.683
11474,35162834,10,22,62,16,5.18,4.44,34,1,2.9,13.5,186,7.9,48.086311,-0.844381,11.49002974,750.9111625,16.40999985,3.619214721,-19.96618901,FR,77.506,10.626,20.981,31.607,2.806,0.556,2.249
8420,34982816,7,20,58,22,6.68,6.12,19.3,1,2.1,44.2,182,10.9,47.902416,-1.048583,11.69285614,740.9609335,14.46000004,1.156812949,-13.71471769,GR,77.763,4.683,12.714,17.398,2.1,0.335,1.765
11417,34962776,20,22,19,59,5.25,4.88,24.3,1,2.4,5,47.1,11.3,47.544359,-0.998083,11.82926707,749.0312861,14.46000004,2.045885918,-9.166688464,CR,42.214,2.957,16.865,19.821,2.188,0.226,1.962
10780,34262726,3,14,15,72,7.16,7.1,32.6,27,3.3,39.6,160,19.2,47.003611,-1.815583,12.40142188,771.4561823,11.47999954,0.937841746,-2.034465328,GR,28.623,9.129,24.902,34.031,3.392,0.576,2.816
9593,33682820,11,18,56,26,5.62,5.25,37.1,0.5,3.3,159.8,535.3,11.3,47.748815,-2.774665,11.80365687,914.0352885,16.12000084,0.278214818,-23.40961917,CR,70.403,7.378,29.478,36.855,3.819,0.591,3.228
9609,33622846,8,17,67,16,6.49,5.91,31.6,1,3.2,143.7,731.4,12.2,47.970448,-2.912388,11.65256229,925.3532689,16.12000084,4.235755866,-11.12306584,CR,75.877,8.346,22.998,31.344,3.471,0.689,2.782
9573,33582796,5,12,30,59,4.69,4.36,48.4,0.5,4.1,61.2,333.6,8.8,47.522143,-2.852118,12.26467504,842.4088935,16.12000084,0.771722684,-5.68E-14,GR,43.584,21.651,24.751,46.402,4.319,1.681,2.638
9606,33322870,10,20,45,34,6.22,5.59,36.8,1,3.3,100.9,179.7,13.1,48.134769,-3.364543,10.84640317,1078.533808,15.03999996,3.310053909,-54.68673999,CR,59.839,5.071,26.814,31.885,3.255,0.372,2.882
10536,36062672,26,27,49,24,5.46,4.67,31.6,1,1.9,5,85,12.1,46.754018,0.622231,11.68902764,695.3199876,10.43999958,0.40651827,-23.28743386,FR,76.241,6.315,23.818,30.133,2.062,0.303,1.759
10521,35662694,6,27,24,50,7.81,7.37,13.1,22,1.6,18.8,260.9,22.4,46.903416,0.065838,11.79764392,711.4540845,10.46000004,0.397828367,-11.02531568,CR,50.667,2.166,14.557,16.723,1.739,0.144,1.594
10252,35522604,8,15,78,7,6.5,6,31.5,0.5,2.6,5,90.5,14.3,46.084318,0.035719,11.94958369,899.6788045,9.760000229,0.816052614,-10.32212164,FR,95.964,8.068,21.419,29.487,2.796,0.506,2.29
10281,35342676,13,20,50,30,7.07,6.47,13.3,3,1.3,14.9,122.7,11.2,46.703858,-0.318959,11.58521193,826.192331,12.93000031,0.762997428,-21.06062167,CR,71.531,1.632,10.708,12.34,1.477,0.11,1.367
10259,35342626,6,25,67,8,7.76,7.21,26.3,17,2.8,38.8,288.4,25.7,46.258495,-0.232491,12.00056034,889.0448416,11.73999977,0.832199592,-5.521978718,CR,94.28,2.114,24.526,26.64,3.022,0.17,2.852
8860,34682574,15,52,42,6,6.92,6.74,28.4,1,2.8,20,1713.4,22.1,45.710928,-0.984991,12.88247747,829.9223429,8.350000381,0.32,-0.088077947,H21,92.069,10.151,17.668,27.819,3.001,0.682,2.319
8837,34662634,10,40,54,7,7.94,7.42,18.8,496,2,31.1,306.2,20.6,46.24193,-1.120508,12.69876144,752.0647563,9.789999962,1.478305739,-5.688681178,CR,95.275,1.135,17.583,18.718,1.538,0.063,1.475
8652,36242474,6,10,31,59,5.33,4.9,9.2,0.5,1.1,24.8,80.1,5.6,45.005375,1.150909,12.3494689,928.7985737,10.35000038,0.324673916,-50.69553674,CR,39.774,1.88,6.618,8.499,0.879,0.124,0.755
11396,35422396,3,2,6,92,5.72,4.75,15.1,0.5,0.9,5,43.1,1,44.21089,0.23251,12.6326486,1005.634753,10.02000046,0.050551441,-73.59820691,FR,11.123,1.659,12.047,13.706,0.852,0.138,0.713
9087,37562394,16,54,37,9,6.93,6.35,54.6,6,5.6,18.3,223.3,38.1,44.41548,2.9084,10.40776778,693.4697999,10.14000034,1.421149581,-10.56169508,GR,90.868,9.286,45.398,54.683,6.229,0.674,5.555
9081,37302404,10,36,53,11,7.48,7.08,53.5,7,5.6,20.8,1025,33.3,44.48244,2.57205,11.03788136,712.0354194,10.14000034,0.264918601,-17.61871727,CR,88.527,13.409,38.74,52.149,6.002,0.767,5.236
10340,36822342,18,17,48,35,5.58,4.67,21,0.5,1.5,5,69.8,4.7,43.882224,2.050493,13.01886341,715.4133501,11.18999958,5.110293713,-31.3720081,FR,65.398,4.484,12.027,16.511,1.246,0.233,1.013
10362,36742316,11,44,30,26,6.65,5.65,14.7,0.5,1.6,28.5,293,24.8,43.641453,1.984131,13.17637976,722.4664924,11.18999958,8.324770196,-22.62888158,CR,76.156,2.766,11.827,14.593,1.634,0.167,1.468
11361,36582404,33,28,56,16,7.17,6.77,30.1,2,2.6,5,189.2,25.4,44.414165,1.673164,12.18490917,792.7663052,11.07999992,0.886965555,-15.60309185,FR,86.829,5.417,25.823,31.24,3.171,0.274,2.897
11360,36242402,21,27,62,10,8.15,7.47,17.7,530,1.5,14.1,169.9,26.4,44.361334,1.252143,12.54907357,856.240717,9.239999771,1.69859724,-22.47269851,CR,89.396,1.558,15.408,16.967,1.824,0.088,1.736
10453,36102390,4,28,32,40,8.05,7.34,10,54,1,5,196.6,19.6,44.23906,1.09474,12.84102653,839.2122356,9.239999771,5.271693941,-20.81765469,FR,59.452,3.185,7.243,10.428,1.042,0.151,0.891
10661,35242302,8,19,62,18,6.69,6.1,9.5,1,1.1,15.3,74,7.3,43.355387,0.163303,12.87531753,1299.151153,13.03999996,1.918056395,-8.491306113,CR,80.441,1.144,7.048,8.192,1.169,0.096,1.073
10001,39002538,16,26,18,56,4.83,4.27,19.8,1,1.6,19.5,279.1,20.6,45.81672,4.584692,11.25938621,800.0483772,11.06000042,2.168368653,-22.39000364,GR,46.511,5.543,15.102,20.645,2.013,0.369,1.644
11282,38382542,16,11,31,58,4.99,4.23,28.2,1,2,11.2,488.1,7.1,45.80917,3.78625,9.002273695,779.278734,9.949999809,1.00947794,-11.87815261,FR,40.651,7.169,18.834,26.003,2.401,0.513,1.888
9355,38002586,24,16,25,59,5.83,5.08,26.2,1,2.4,19.7,161.7,6.3,46.174076,3.250436,10.91338906,717.3160142,11.52000046,0.486831445,-20.19660803,GR,42.279,7.055,18.066,25.12,2.663,0.441,2.222
11001,37902390,14,31,26,42,6.85,6.33,22.8,0.5,2.2,5,149.3,14.9,44.407723,3.33738,8.775318149,864.4914047,8.479999542,0.813070077,-41.55326934,CR,53.11,5.024,15.779,20.803,2.028,0.368,1.659
10949,37902328,31,28,53,20,7.95,7.37,36.9,288,3.3,5,436.9,28,43.85097,3.40204,10.60202807,889.4157101,9.289999962,1.318507329,-20.33429215,GR,80.752,8.776,25.095,33.871,3.79,0.378,3.412
9272,39962374,32,27,59,14,8.32,7.53,2.6,323,1.1,5,72.2,17.7,44.38995,5.924616,11.18587775,827.3916465,7.949999809,5.052342405,-11.70268308,F10,94.894,4.594,6.05,10.644,1.368,0.038,1.329
9055,39122320,16,22,55,23,7.92,7.4,28.2,398,2.2,62.9,613.5,15.2,43.864681,4.919768,14.10068538,733.711441,8.729999542,1.447936636,-4.241599662,GR,73.859,8.025,14.336,22.361,2.379,0.812,1.567
11889,52702012,22,11,27,62,6.23,5.21,13.4,0.5,1.1,5,48.3,7.5,40.57265,21.20009,10.86029659,780.3368829,7.650000095,1.051817128,-15.11974777,FR,33.16,4.903,6.34,11.243,0.943,0.3,0.643
11660,54401918,33,12,60,28,6.52,5.5,6.2,1,0.7,5,67.8,13,39.48892,23.00444,11.48171455,583.8481544,7.329999924,0.033276038,-36.01011017,FR,67,2.042,4.473,6.515,0.749,0.163,0.586
12099,53481902,11,26,59,15,8.09,7.54,13.1,12,1.4,30.2,304.7,31.6,39.48259,21.92366,15.68840073,639.2934398,7.150000095,1.194921008,-1.574840583,CR,85.366,2.803,11.755,14.557,1.611,0.215,1.396
12113,53341920,6,29,35,36,6.75,6.25,11.5,0.5,1,5,70.7,10.9,39.6634,21.79278,14.47071908,675.9113445,8.260000229,4.225909953,-23.47700545,SHR,39.716,2.071,8.229,10.3,1.298,0.268,1.03
12155,53241716,6,12,35,53,5.5,4.97,19.9,1,1.7,76.9,302.5,7.4,37.8512,21.35958,16.62464056,777.286578,6.699999809,1.318463903,-21.11334286,CR,44.578,8.224,10.4,18.624,1.806,0.656,1.151
11666,55281818,11,37,35,28,7.78,7.01,18.5,3,1.6,5,218.2,30.7,38.45881,23.82054,14.30569618,557.6064608,6.980000019,3.114490078,-49.03696907,SHR,71.273,6.389,5.082,11.471,0.955,0.308,0.646
11992,54921782,7,41,50,9,7.62,7,29,11,2.7,5,480.8,34.1,38.19591,23.35067,13.51885417,622.8663033,5.710000038,4.468055415,-53.47565569,SHR,94.048,6.337,23.512,29.849,3.499,0.424,3.074
11987,54781758,30,26,57,17,8.01,7.36,42.2,29,1.8,5,623.9,35.3,38.00375,23.15154,14.85897531,586.7498017,5.809999943,0.813863922,-27.87356026,FR,94.922,0.982,9.809,10.791,1.242,0.087,1.155
12253,50382730,5,16,33,51,7.64,7.11,12.5,8,1.1,31.9,117.8,16.8,47.26908,19.49748,10.45871417,516.1705212,10.97999954,0.786097905,-5.679528316,CR,62.456,2.697,20.429,23.126,1.587,0.16,1.428
12538,50102730,15,43,37,21,8.13,7.65,29.4,228,2.9,78.5,266.2,32.7,47.300645,19.129823,10.79400549,512.5487302,10.71000004,0.919190481,-0.95653198,CR,77.244,1.524,24.914,26.438,3.221,0.145,3.076
12488,49862704,6,22,50,28,8.04,7.57,18.3,123,1.7,37.6,192.6,18.9,47.09458,18.77529,10.73009153,524.8584126,10.52000046,1.539856932,-18.74736859,CR,61.558,1.67,13.947,15.618,1.818,0.161,1.657
62063,49982668,6,25,63,12,8.17,7.66,15.3,100,1.6,5,136.1,20.3,46.76032,18.87772,10.6901488,537.3591946,10.71000004,2.435591069,-25.66212957,CR,82.104,0.78,14.724,15.505,1.656,0.064,1.592
12609,49282576,9,30,65,4,5.81,5.37,10.7,1,1.4,5,102.7,18.1,46.008592,17.843949,11.23400716,666.2852655,11.89000034,1.144564487,-2.155311072,CR,92.85,1.026,7.749,8.775,1.15,0.072,1.078
12232,50342794,8,27,32,41,6.08,5.29,12.4,2,1.2,16.6,126.7,15.8,47.84428,19.55068,10.00011383,532.0569398,10.78999996,3.285097771,-20.64521437,GR,55.112,2.148,9.474,11.622,1.31,0.142,1.168
12711,52302804,2,4,5,91,4.81,4.2,5.6,0.5,0.6,10,29.8,3.9,47.67469,22.15997,9.641908222,578.6593665,10.48999977,0.364458236,-7.094429218,FR,11.293,1.995,2.94,4.935,0.588,0.258,0.33
12394,52142866,7,20,55,25,4.32,3.94,7.8,0.5,1.2,46.8,163.3,6.1,48.2477,22.080333,9.638462448,592.501822,11.15999985,1.324735434,-1.614561876,CR,67.048,1.616,5.056,6.672,0.992,0.158,0.833
12635,52062866,24,62,31,7,5.73,5.32,39.8,0.5,3.8,46.3,603.6,32,48.259383,21.9738,9.607483385,576.9077695,10.46000004,0.697151322,-0.862489462,GR,92.632,6.27,34.033,40.303,4.559,0.473,4.086
12643,51922818,5,8,9,82,5.49,4.78,7.2,0.5,0.9,19.2,105.4,6,47.85395,21.687883,9.733333463,527.3258054,10.48999977,1.050539004,-2.893031262,CR,21.737,1.366,5.813,7.178,0.866,0.178,0.687
12528,51582792,10,28,70,2,5.74,5.15,28.2,0.5,2.4,19.6,220,18.7,47.670321,21.187034,10.15623899,537.4516881,10.71000004,0.286695278,-2.28166989,GR,95.531,4.683,23.023,27.706,2.865,0.323,2.542
12683,51442734,1,66,33,1,6.61,5.88,21.5,0.5,2.1,16.4,345.5,45.7,47.17369,20.89246,10.407652,524.5120557,10.42000008,0.45025755,-1.034204616,CR,98.094,2.093,21.227,23.32,2.587,0.144,2.443
12300,51302638,6,23,70,7,7.91,7.49,27.4,105,2.3,29.4,723.6,25.5,46.33847,20.53704,10.62500015,525.0441114,10.27000046,0.84250317,-1.332245289,CR,89.689,2.717,21.548,24.265,2.179,0.198,1.981
62030,50282676,3,9,14,77,8.26,7.76,13.8,99,1.5,5,127.7,10.7,46.798765,19.28012,10.75463421,516.7613636,10.71000004,0.428333646,-2.079938054,GR,24.291,3.067,12.062,15.129,1.445,0.249,1.195
12894,31163554,18,15,36,49,6.82,6.69,54.5,29,5.3,100.6,148.7,23.4,53.699167,-8.473889,9.397892316,1283.414079,6.809999943,0.286790261,-1.485257407,GR,31.469,40.655,19.446,60.101,5.49,3.534,1.956
12852,30743562,12,15,30,55,6.61,6.18,73.7,1,6.1,10.5,114.4,27.5,53.671111,-9.1225,9.467905383,1121.50982,6.519999981,0.163142389,-3.557432121,GR,23.138,54.854,20.056,74.91,6.932,5.025,1.907
12851,30583536,15,24,47,29,6.17,5.73,68,1,5.8,5,47.7,24.2,53.409167,-9.252222,10.18517645,1123.425346,5.5,0.082313983,-7.589304527,GR,54.072,27.198,36.326,63.524,6.032,2.597,3.436
13284,41722504,8,27,42,31,6.85,6.35,21.3,10,2,5,38.3,17.3,45.63137,8.09159,9.683209349,921.7652376,15.30000019,3.455437982,-9.362159689,FR,70.068,1.781,20.474,22.255,2.483,0.136,2.347
13501,43562476,46,21,38,41,7.61,7.14,19.8,14,2.1,15.6,134.7,17.1,45.39544,10.44627,12.65109861,821.0144181,37.00999832,1.796083485,-1.159956317,GR,59.103,3.523,17.506,21.029,2.359,0.184,2.175
13652,42702434,4,33,56,11,7.89,7.32,9.9,150,1.4,13.1,195.7,29.1,45.0157,9.3541,12.21873293,764.4500454,22.76000023,30.37190404,-23.72304274,CR,86.636,3.862,10.725,14.587,1.649,0.303,1.346
13654,42582462,3,17,40,43,7.09,6.53,25.5,4,2.2,51,211.5,14.7,45.26702,9.19855,12.19080106,820.4170348,33.63000107,2.028039627,-1.389483876,GR,54.302,14.828,17.073,31.9,3.404,1.582,1.822
13525,44122556,20,18,33,48,7.74,7.32,12.4,132,1.4,18.3,203.2,15.4,46.11059,11.17576,9.069092835,652.013868,22.52000046,15.02781127,-32.01174511,CR,49.214,3.112,9.717,12.829,1.336,0.271,1.065
13673,44882492,8,16,60,24,7.93,7.26,8.506026,13,1.1,5,75.1,13.2,45.51892,12.13463,13.13627321,835.8675754,32.93999863,2.96817944,-0.795494044,CR,73.187,1.974,7.963,9.936,1.051,0.126,0.924
13540,44402452,15,49,45,6,7.32,6.9,25.089515,21,2.6,5,273.3,31.7,45.16899,11.51285,13.40743687,757.8780314,23.36000061,3.969735534,-5.68E-14,CR,19.554,4.547,7.12,11.667,1.159,0.318,0.841
13456,44702406,5,24,65,11,7.61,7.15,21.3,63,2,36,416.6,19.9,44.7484,11.87831,13.34079015,609.5902068,15.51000023,1.107087917,-0.110732497,CR,81.944,7.167,12.345,19.512,2.002,0.626,1.376
13451,44662352,18,38,49,13,7.89,7.34,8.8,77,1.1,22.4,299.9,27.2,44.26257,11.81229,13.18723371,786.3487254,12.43000031,22.39951821,-35.52902234,CR,88.368,2.426,9.568,11.995,1.458,0.152,1.306
13604,44342402,6,26,40,35,8.02,7.55,7.7,80,1,11,124.5,18.3,44.71956,11.42367,13.30908527,653.8306725,21.18000031,2.327407295,-4.846862796,CR,61.984,1.424,7.417,8.841,1.21,0.168,1.043
13940,44782216,12,27,63,9,7.75,7.49,6.4,119,0.8,5,170.7,10.1,43.03315,11.92108,13.59267136,621.37553,9.550000191,8.144476524,-5.786168708,CR,89.059,1.096,3.94,5.036,0.761,0.112,0.649
14134,44442154,5,40,27,34,6.78,5.97,11.6,0.5,1.3,22,143.3,19.2,42.4817,11.49152,14.88694081,510.9481997,8.210000038,5.894368827,-31.37934834,CR,66.011,2.465,8.945,11.41,1.312,0.233,1.079
13727,43842306,10,14,28,58,6.82,6.54,28.8,2,2.8,38.3,185.3,20.2,43.86057,10.78177,14.46148292,905.2689641,11.71000004,2.80676925,-0.554797196,CR,38.768,10.731,10.898,21.628,2.091,0.91,1.181
13792,44982226,12,17,24,60,7.31,7.03,17.9,64,1.9,5,113.6,16.3,43.11851,12.16907,13.5498812,683.3637055,9.550000191,3.613064481,-5.68E-14,CR,39.934,4.558,12.991,17.549,1.927,0.358,1.568
13884,45682288,4,37,42,21,8.32,7.48,10.2,250,1,11.7,163,26.1,43.6557,13.05522,13.38754775,800.1025997,10.65999985,16.76432801,-39.69609131,CR,79.069,1.746,7.75,9.496,1.193,0.106,1.087
14014,46302120,2,39,54,7,8.21,7.39,12.3,410,1.3,5,141.2,27.2,42.1154,13.72476,12.9946543,877.563761,9.880000114,16.55623444,-4.791294902,GR,94.134,1.843,7.755,9.598,1.182,0.091,1.091
14017,46042116,5,37,45,18,8.04,7.41,20.8,156,1.6,5,213,30.3,42.09042,13.40981,11.4370524,863.4041685,5.400000095,7.465898445,-36.74969003,GR,84.615,3.376,18.355,21.731,1.571,0.164,1.406
14234,47542034,37,53,29,18,7.78,7.14,14.9,136,1.6,5,615.5,38.7,41.2738,15.15096,11.45341343,524.0079521,7.690000057,16.83291886,-10.9576807,CR,80.25,2.113,13.998,16.111,1.866,0.148,1.718
14357,49221990,12,29,64,7,7.32,6.89,33.1,3,2.9,52.3,1112.4,28.5,40.75459,17.09592,13.89363295,595.4873348,7.449999809,1.570081014,-15.67121117,GR,94.097,7.342,26.987,34.329,3.346,0.383,2.963
14452,48802016,10,20,66,14,7.89,7.25,13.1,24,1.6,5,862.7,33,41.02312,16.62682,15.38527455,522.5346625,7.050000191,1.369564652,-8.177786524,CR,90.272,2.122,14.662,16.784,1.44,0.101,1.34
14207,48102082,9,41,44,15,6.75,6.46,82.8,4,8.1,311.7,3960,48,41.66964,15.85584,15.57523512,213.3583513,7.590000153,4.390366133,-29.67651016,GR,61.243,48.959,36.592,85.552,8.95,4.525,4.425
14210,47602098,1,46,42,12,6.74,6.12,10.9,2,1.1,30.5,666.7,22.4,41.84705,15.27116,15.96367798,402.7463473,8.18999958,2.665989189,-32.04326135,GR,85.473,2.284,9.334,11.618,1.244,0.108,1.136
14382,48821918,25,45,44,11,7.6,7.32,8.4,73,0.9,5,369.4,25.3,40.13992,16.55566,15.85999003,698.4613416,5.75,12.81289803,-21.96534412,CR,96.256,5.811,5.85,11.66,1.408,0.104,1.304
14183,48421966,15,30,40,31,7.95,7.24,9.8,139,1.1,5,447.2,22.6,40.60159,16.13406,13.36369821,623.0015096,5.869999886,5.478655147,-92.8081833,CR,64.408,2.71,6.978,9.688,1.059,0.181,0.878
14347,49261804,25,39,54,7,7.77,7.15,10.1,191,1.3,5,265.5,19,39.07516,16.95959,16.6756381,751.7502107,8.460000038,16.84394443,-23.44488252,GR,92.102,2.17,8.325,10.495,1.283,0.138,1.145
14185,48701712,10,22,36,43,7.39,7.04,21,136,1.8,26.5,271.2,19.3,38.28823,16.23987,17.94742549,866.6301448,5.880000114,25.63222711,-61.07058158,SHR,54.216,5.482,15.874,21.355,2.157,0.42,1.737
14189,48581704,17,49,40,11,7.58,7.14,15.1,50,1.5,5,395.5,35.5,38.22477,16.09719,17.13771126,872.0733529,5.900000095,36.13939417,-53.24166797,GR,93.934,2.168,13.454,15.622,1.793,0.11,1.683
14186,48361710,6,5,64,31,5.25,4.96,46.1,4,3.8,5,201.2,8.3,38.29471,15.85304,14.88345823,820.2986121,7.050000191,4.935276017,-62.35258881,CR,68.549,10.714,35.495,46.208,4.71,0.989,3.721
14672,47761564,7,21,70,9,7.32,6.87,61.6,50,5.8,5,210.8,54.9,37.01172,15.07438,16.5158573,526.2742476,6.28000021,5.796731867,-35.11428158,GR,89.467,16.186,44.619,60.805,6.441,0.987,5.454
14650,46901572,12,37,50,13,8.14,7.41,5.9,316,0.8,5,280.6,15.6,37.13047,14.12098,17.87808822,379.2503233,4.75,2.885215568,-6.179973352,CR,84.474,2.266,4.558,6.824,0.674,0.075,0.6
14657,46821592,24,38,56,6,7.37,7.22,4.4,190,0.7,5,610.6,13.8,37.3168,14.04226,17.11320347,435.6287231,4.510000229,10.27654185,-41.26826207,GR,94.839,1.35,6.354,7.704,0.849,0.068,0.781
14649,46801570,18,53,34,13,7.8,7.27,19.3,261,1.8,5,567.5,28.5,37.11766,14.00861,17.68155233,395.9543799,4.75,14.88301429,-5.68E-14,GR,86.265,4.078,25.544,29.622,1.748,0.229,1.519
14736,42181938,16,39,23,38,7.12,6.8,25.2,102,1.9,5,548.2,26.8,40.53143,8.79012,14.98457577,726.1543922,6.559999943,11.76995938,-32.24113343,GR,61.593,11.172,19.747,30.918,2.127,0.511,1.616
14737,41981944,8,20,62,18,6.49,5.97,31.8,1,2.8,5,496.5,22.1,40.58251,8.55398,14.69660825,767.2064451,6.559999943,11.66490964,-33.1817596,GR,79.929,10.002,20.654,30.656,3.033,0.809,2.224
14922,52683728,20,9,33,59,4.79,3.91,12.6,0.5,0.8,5,32.2,2.5,55.75078,25.20371,6.2054143,627.0758351,8.119999886,0.317900786,-4.556267414,FR,34.519,2.833,3.206,6.039,0.391,0.162,0.229
14936,52543704,4,3,13,83,3.85,2.76,42.9,0.5,1.7,5,30.4,6.1,55.56672,24.90438,6.238860528,609.0933925,7.599999905,0.096060545,-4.039953748,FR,10.982,31.558,5.966,37.524,1.336,1.073,0.263
14944,52463552,2,8,21,71,5.38,4.66,7.1,0.5,0.9,17.3,82.6,1,54.24773,24.29491,6.249149627,638.2632109,9.630000114,1.026030267,-6.709487901,GR,31.564,0.904,5.694,6.598,0.824,0.134,0.69
14875,52303734,6,8,21,72,7.85,7.26,9.9,42,1.1,10.3,32.2,9.2,55.87374,24.6298,6.456286913,605.1917361,8.119999886,0.461429396,-2.700625891,GR,27.554,3.161,11.127,14.287,1.233,0.148,1.085
15089,52263646,6,11,39,50,5.34,4.85,12.4,0.5,1.2,16.7,58.9,9.2,55.10854,24.28266,6.336443607,602.3499352,8.369999886,1.476666758,-12.02181708,CR,47.836,2.098,9.854,11.952,1.45,0.172,1.278
14974,51763594,8,6,30,65,5.27,4.83,16.7,0.5,1.8,5,27.2,6.4,54.73693,23.35795,6.837534993,613.7279629,8.760000229,0.392622989,-1.95779203,GR,32.682,3.966,7.827,11.793,1.466,0.482,0.984
14980,51323614,2,12,40,48,6.41,6.13,19.7,0.5,1.7,14.1,73.1,10.6,54.98444,22.7401,6.844706379,666.1832638,8.890000343,0.743713183,-6.887810522,CR,48.427,2.611,13.08,15.691,1.485,0.209,1.276
15164,51183646,4,21,48,31,7.85,7.14,14,13,1.4,5,95.1,14.8,55.28887,22.61351,6.499881642,719.0133117,8.890000343,0.399946786,-10.84707823,CR,64.971,2.241,12.052,14.293,1.312,0.183,1.129
15241,40382982,27,17,48,35,4.88,4.52,34.3,0.5,3.1,91.6,88,7.9,49.88217,6.06071,8.752029495,837.3125739,15.19999981,2.835240013,-5.815389617,FR,63.823,7.196,18.356,25.552,2.796,0.708,2.088
15501,53543746,6,21,40,38,7.32,7,20.6,9,1.7,14.6,132.6,16.2,55.73814,26.6071,5.606611491,643.4543203,7.539999962,0.421444566,-8.741683163,GR,60.674,3.455,14.786,18.241,1.537,0.174,1.363
15270,52463890,11,9,31,60,7.41,6.99,18.1,21,1.5,27.3,64.5,11.1,57.21014,25.42926,4.741059959,703.5227143,6.300000191,0.287766715,-7.659250181,GR,35.206,4.196,11.778,15.974,1.224,0.197,1.027
15374,50823826,19,16,23,61,6.09,5.61,37.7,1,3.2,5,52.7,16.4,56.93421,22.56247,6.277248164,663.210395,6.78000021,0.36910528,-2.01645505,GR,21.188,19.743,13.611,33.354,3.138,1.727,1.411
15256,50323806,7,12,38,50,4.69,4.36,14.6,0.5,1.4,22.2,113.2,4.5,56.83319,21.69649,6.40223391,813.944284,7.800000191,0.535674813,-8.350462792,GR,48.672,1.522,10.912,12.435,1.293,0.116,1.177
15621,41223334,5,3,7,90,5.79,5.02,36.6,0.5,1.8,90.9,94.2,10,53.07779,7.02981,9.159178508,767.9822555,18.57999992,0.216349497,-0.019078808,CR,12.682,12.8,24.705,37.506,1.687,0.619,1.068
15787,41163298,5,3,9,88,4.91,4.42,50.8,0.5,2.7,136.1,37.2,9.3,52.75238,6.96301,9.294280896,741.4081915,18.57999992,0.240354092,-2.913854497,GR,13.268,23.958,20.565,44.523,2.303,1.143,1.16
15815,40703234,4,5,14,81,7.1,6.6,14.9,2,1.5,26.1,23.7,8.8,52.15889,6.3305,9.441707771,776.6877232,24.65999985,0.316708434,-2.493254624,GR,18.22,2.794,9.769,12.563,1.489,0.276,1.214
15747,40243242,5,2,8,90,4.2,3.71,44,0.5,1.8,13.9,74.1,6.2,52.20788,5.65239,9.550413648,833.787671,22.52000046,0.120104685,-3.302919656,FR,15.131,17.662,27.07,44.732,1.835,0.726,1.108
15785,40163258,14,13,20,67,7.48,7.27,17.7,15,1.3,16.3,81.3,11.6,52.34703,5.52109,9.556338902,798.5808309,22.52000046,0.474403948,-5.68E-14,GR,30.654,4.382,12.36,16.742,1.177,0.276,0.902
15662,39303176,2,20,49,31,6.4,6,23,2,1.9,81.2,94.5,18.1,51.55844,4.35558,10.24319051,789.3582206,17.19000053,0.572341372,-0.240638507,GR,66.535,2.302,13.117,15.419,1.518,0.16,1.358
15718,40343114,13,13,27,60,6.71,6.29,26.8,1,2.3,86.3,205.5,12.7,51.06483,5.90352,10.0614477,728.4838649,18,0.260343423,-5.68E-14,CR,44.18,4.075,21.127,25.202,2.37,0.318,2.052
16917,50243186,11,20,23,57,5.7,5.2,27.8,1,2.8,22,82,19.6,51.34523,20.12705,7.98201914,553.2599927,13.72999954,0.983816315,-9.598568995,CR,45.99,2.841,25.865,28.706,2.854,0.261,2.592
16298,50063258,12,13,23,64,6.25,5.92,34.7,1,3.3,5,38.2,18.7,52.00752,20.01214,8.222173021,517.3547607,13.01000023,0.264334869,-7.36605938,GR,27.441,13.555,16.827,30.381,3.141,1.24,1.902
16329,49063164,2,6,27,67,6.36,5.9,15.6,0.5,1.6,55.8,196.2,5.7,51.28359,18.40618,8.185607111,589.1913477,13.27000046,0.749001184,-19.4162782,CR,31.876,3.568,10.194,13.762,1.437,0.284,1.153
17302,51563322,8,11,18,71,7.3,6.79,17.9,2,1.9,19.3,67.5,16.9,52.36878,22.32718,7.360981616,533.9213291,10.81999969,1.511525014,-14.51813193,CR,33.407,2.76,14.278,17.038,2.096,0.396,1.699
16946,51243172,5,3,37,61,6.17,5.63,9.8,0.5,0.9,33.5,37.9,3.7,51.0882,21.51572,8.037941664,534.7895223,11.11999989,1.254543991,-10.69614225,CR,44.322,1.951,6.413,8.364,0.75,0.134,0.617
17259,50723422,5,5,5,89,6.29,5.92,54.3,0.5,4.4,33.8,83.2,22.8,53.37616,21.33673,7.457936209,487.7151839,11.96000004,0.203418407,-0.957289194,GR,9.559,21.849,18.879,40.728,3.677,1.918,1.759
17231,50203342,5,3,7,91,4.66,4.18,19.2,2,1.3,88.8,22.2,4.1,52.73626,20.38913,7.744795148,512.1019062,11.80000019,0.116778476,-3.246114022,GR,14.448,4.287,14.235,18.522,1.299,0.331,0.967
16440,50363026,9,17,73,10,6.94,6.49,10.6,3,1.2,177.8,408.9,11.3,49.907682,19.987846,8.277584399,758.5361859,10.89000034,6.487691442,-5.330742179,CR,90.221,2.387,7.204,9.591,1.156,0.153,1.003
16471,52523170,4,18,79,3,5.31,4.66,9.7,0.5,1.2,5,138.7,8.6,50.87591,23.31162,7.429661352,570.1352914,9.470000267,3.266887443,-12.3664392,CR,96.4,1.144,7.163,8.307,1.108,0.07,1.038
16550,52483182,11,20,47,33,7.9,7.18,13.8,100,1.6,10.6,277.4,14.5,50.98825,23.28627,7.443764873,562.4775662,9.470000267,2.149455018,-14.37740618,CR,65.001,2.665,11.473,14.137,1.512,0.154,1.359
16542,52303200,4,6,27,67,7.58,7.08,12,5,1.3,15.6,179.1,8.8,51.17607,23.07881,7.62358615,530.1221426,10.15999985,1.068690734,-9.234106533,GR,31.804,2.116,9.538,11.654,1.249,0.173,1.075
16745,51723256,4,3,22,74,4.08,3.75,10.4,0.5,1.1,62.5,49.3,2.3,51.76117,22.39462,7.662296597,510.7411275,10.55000019,0.732853523,-10.12844227,CR,24.158,2.517,5.105,7.622,0.719,0.268,0.451
16380,51283122,4,5,58,37,6.18,6.01,9.2,0.5,0.8,29.6,74.5,2.6,50.6395,21.46146,7.970831764,575.9497093,11.23999977,1.543013844,-29.52154494,CR,62.642,1.5,5.74,7.24,0.686,0.099,0.587
16898,50143134,3,3,10,87,4.36,3.79,6.3,0.5,0.7,41.7,32.4,2.5,50.89514,19.88436,8.037113446,596.9884449,12.10999966,0.297940815,-14.73371733,GR,15.862,1.249,4.919,6.167,0.59,0.124,0.465
16686,51423466,5,5,12,84,5.03,4.67,39.6,0.5,3.3,13.7,34.8,15.1,53.66236,22.48957,7.051839329,543.2033625,11.22000027,0.135563056,-2.163653019,GR,18.967,19.445,26.155,45.6,3.839,1.557,2.282
16126,48623266,8,9,22,70,7.32,6.93,14.4,28,1.2,20.8,53.5,10.3,52.23797,17.93727,8.841927555,506.5577427,12.61999989,0.422148809,-12.98296282,CR,31.399,2.522,9.997,12.519,1.39,0.185,1.204
17058,46703412,11,3,10,87,4.53,3.99,12.9,0.5,1.3,84.6,32.7,4.4,53.70077,15.28897,8.553663948,641.3996491,12.07999992,0.530111295,-5.546943464,CR,20.435,3.522,10.736,14.258,1.27,0.254,1.016
15895,48523170,18,4,6,90,4.32,3.75,9.9,1,0.5,5,29.4,3.3,51.39111,17.64633,8.282134716,568.1192957,13.36999989,0.77329944,-61.4194255,FR,13.034,7.024,6.735,13.759,0.893,0.398,0.496
15992,48403140,2,5,20,75,5.75,5.07,5.8,0.5,0.6,22.2,50.5,4.6,51.13427,17.42962,8.512523567,563.673317,12.96000004,0.436803841,-6.0113795,CR,26.279,1.253,4.291,5.545,0.552,0.118,0.434
16363,48923116,6,7,24,69,6.21,5.52,12.3,0.5,1.3,51.1,79.2,4.6,50.86951,18.13051,8.272051392,615.3411492,14.56000042,0.66881233,-5.541834465,CR,28.332,2.206,9.962,12.167,1.256,0.19,1.065
17570,49803394,6,3,10,87,4.75,4.22,11.4,0.5,0.9,47.5,35.9,1,53.24837,19.90732,7.314945131,593.5240748,12.34000015,0.644597318,-5.81979048,FR,13.982,2.521,6.109,8.63,0.612,0.19,0.422
18131,29182186,51,10,41,49,5.27,4.61,5,1,0.7,30,89.7,6.1,41.35828,-6.85571,13.47090558,1053.264883,3.900000095,1.222171409,-27.62445317,CR,49.509,2.241,5.189,7.43,0.964,0.314,0.651
17992,28362162,19,9,26,65,5.21,4.44,11.5,0.5,0.9,12,50.1,1,40.97901,-7.75049,11.99467451,1383.512092,3.880000114,1.245065008,-21.62998853,FR,31.984,3.444,6.781,10.225,0.912,0.323,0.589
18026,27762242,10,9,23,68,4.6,3.9,87.5,0.5,3.5,5,35.4,6.4,41.5489,-8.65905,14.00631851,1539.744972,6.179999828,0.139598327,-17.26442631,FR,28.199,39.221,37.42,76.641,3.504,1.421,2.083
17643,26581792,18,26,49,25,6.09,5.43,19.7,2,2,5,118.9,6.7,37.34975,-8.83372,16.2598574,518.4140735,4.139999866,0.595088729,-24.62662488,SHR,73.857,6.516,10.658,17.174,1.879,0.435,1.444
17942,28902084,38,6,15,79,6.16,5.33,4.9,2,0.5,5,41.9,7.3,40.4054,-6.93398,12.37197922,860.269554,5.460000038,0.151880318,-36.98796069,SHR,23.723,1.875,4.588,6.463,0.667,0.173,0.495
17943,28782100,26,5,15,80,4.65,4.06,10,0.5,1,29.1,65.2,4.8,40.52184,-7.11076,12.43572975,953.1225474,3.829999924,0.218679119,-40.44664236,SHR,23.612,2.502,6.507,9.01,0.936,0.192,0.744
17921,28562034,35,9,32,58,5.64,4.41,7.6,0.5,0.9,5,97.2,3.5,39.89685,-7.20421,16.12166694,717.7124962,4.409999847,1.566295281,-27.17033881,GR,40.268,2.022,4.816,6.838,0.753,0.186,0.567
17931,28422060,28,13,28,59,5.88,5.02,22.5,3,1.5,28.9,71.8,4.9,40.09663,-7.42719,14.41304123,964.6603186,4.099999905,1.443708301,-13.32530816,CR,36.681,4.81,13.165,17.975,1.507,0.352,1.155
17771,27381916,23,14,41,45,6.8,6.19,34.8,3,2.3,5,251.8,13.9,38.61279,-8.25151,15.80459754,686.9871899,5.170000076,0.448160288,-59.54396249,FR,51.791,16.748,16.967,33.715,2.454,0.886,1.567
17750,27281904,12,12,47,40,6.01,5.04,15.2,1,1.2,10.2,140.4,5.6,38.48587,-8.33376,16.40145248,643.3459672,5.170000076,2.174447537,-14.83839097,GR,61.803,3.511,8.733,12.243,1.036,0.184,0.852
17667,27221822,39,17,40,43,7.12,6.57,21.8,4,1.9,23.9,252.6,19.1,37.75281,-8.20168,16.51366303,579.9877074,4.5,1.663202433,-4.258624764,FR,53.931,9.019,10.98,19.999,2.326,0.801,1.525
18183,47684022,2,12,25,63,4.18,3.35,53.7,0.5,2.2,10.2,62.8,10,59.07813,17.7973,6.101314959,609.3220085,5.429999828,0.00304313,-16.51747889,FR,30.409,19.909,22.5,42.409,2.079,0.908,1.171
18174,46963986,8,15,40,45,4.14,3.82,75.1,0.5,4.8,32.3,158.2,11.4,58.82111,16.489092,6.285734351,606.4933448,5.71999979,0.548631767,-10.59437884,FR,47.576,39.679,33.251,72.929,5.062,2.287,2.775
18413,45963860,12,8,42,50,4.26,3.72,49,0.5,1.7,5,47,8.8,57.761952,14.617432,5.318750975,688.0497897,5.909999847,0.010959519,-2.315890488,FR,43.749,14.729,21.307,36.036,1.412,0.455,0.957
70049,45203792,10,7,42,51,4.97,4.13,24.8,1,1.1,5,21,4.8,57.18937,13.28891,6.228349025,953.526837,8.109999657,0.248167956,-2.206699567,FR,50.093,3.641,14.893,18.533,0.832,0.143,0.688
18786,45283650,10,20,45,35,5.23,4.51,20.7,0.5,1.6,16.4,117.3,5.8,55.911168,13.309532,7.358844409,793.4231094,9.960000038,0.548277811,-11.41103944,CR,62.86,6.133,13.075,19.208,1.712,0.358,1.354
18813,45143688,15,5,34,60,5.08,4.48,55.4,0.5,2.3,12.4,54,4.6,56.258005,13.112802,6.985677303,868.1040742,11.64999962,0.00634705,-4.220606583,GR,34.218,35.142,24.223,59.365,2.474,1.313,1.161
18253,45523900,2,6,27,68,4.77,4.21,25.5,1,1.8,11.3,76.2,6.5,58.144425,13.918515,6.008571561,627.5006055,5.650000095,0.442100009,-4.248223229,FR,32.296,7.469,14.559,22.029,1.789,0.478,1.312
18262,45243904,8,16,36,48,4.89,4.56,24.1,0.5,2.2,35,179.3,7.7,58.193365,13.447745,5.736379828,689.9577464,6.5,0.400161282,-59.91958856,CR,49.825,4.944,16.916,21.859,2.285,0.367,1.918
18822,45063778,9,7,29,63,4.31,3.54,54.1,0.5,2,5,40.6,6.5,57.06918,13.047692,6.273242568,1129.396639,11.31999969,0.210738305,-9.777057478,FR,37.349,15.854,29.528,45.382,2.109,0.768,1.34
19476,44944006,5,20,66,14,5.82,5.06,16.3,0.5,1.3,27.6,64.6,6.2,59.121815,13.015313,6.095457126,699.2403025,5.769999981,0.449993456,-6.126592494,CR,85.993,2.811,13.793,16.604,1.36,0.146,1.213
19579,44844098,2,2,7,91,5.63,4.74,8.6,1,0.5,12.2,14.3,1,59.952482,12.910422,4.586103248,768.4114607,4.349999905,0.167444417,-16.44312627,FR,9.432,3.112,2.694,5.805,0.269,0.137,0.132
19658,44724114,4,2,26,72,4.61,3.98,10.2,0.5,0.4,5,23.9,2.4,60.1006,12.707919,3.898286762,854.2729271,4.349999905,0.110901989,-6.105228262,FR,28.641,3.372,7.977,11.349,0.501,0.172,0.328
18979,46704528,10,2,46,51,5.87,4.68,9,0.5,0.5,22.5,32.7,2.5,63.698215,17.0321,1.706392233,589.5371137,1.850000024,0.033440234,-0.357908251,SHR,41.376,3.208,4.183,7.391,0.489,0.207,0.282
19122,46324472,25,6,31,63,4.29,3.47,26.2,0.5,1.2,16.7,58.9,4.5,63.228097,16.164097,1.678325788,661.3534388,1.850000024,0.036767728,-51.94011883,FR,33.959,9.108,11.183,20.291,1.126,0.333,0.794
20253,48304768,32,30,62,8,4.96,3.89,20.8,1,1.3,29.9,91.3,10,65.65772,21.035805,1.818573957,506.2027079,1.659999967,0.810612639,-10.34787662,FR,92.916,5.456,12.599,18.055,1.248,0.217,1.031
19864,48164650,18,4,39,57,4.52,3.85,42.8,0.5,1.5,5,64,8.9,64.62624,20.32776,1.660434374,639.5539522,2.269999981,0.069554739,-33.44863191,FR,37.891,18.868,15.323,34.192,1.545,0.692,0.853
20661,48084860,12,7,29,64,4.47,3.63,52,0.5,1.3,34.6,55.8,4,66.508187,20.906652,0.226384569,542.3699343,1.370000005,0.006922785,-5.25311239,FR,31.924,24.817,14.794,39.61,1.056,0.583,0.472
20619,48024858,8,8,41,50,4.58,3.67,55,0.5,1.3,51.7,70,7.5,66.498875,20.767027,0.30833386,545.4240582,1.129999995,0.001414445,-0.828239071,FR,45.234,36.289,19.102,55.391,1.333,0.797,0.536
20063,48004654,13,6,39,55,4.33,3.56,56.6,1,2.1,5,85.4,6.3,64.682825,20.01168,1.396304188,611.441604,1.75,0.004454422,-14.24143243,FR,39.176,21.472,17.535,39.007,1.915,0.879,1.036
20429,48004626,15,5,51,43,5.09,4.62,57.8,1,3.2,55.6,25.6,10,64.43316,19.922047,1.630307711,608.7270181,1.75,0.00282801,-0.533824095,GR,51.401,15.498,30.306,45.804,3.106,0.788,2.318
19815,47564666,12,3,29,68,6.05,5.21,18.1,0.5,0.6,5,31.5,2.6,64.84428,19.13877,1.308503952,550.2838559,1.529999971,0.009920749,-15.91239246,FR,32.242,4.849,5.987,10.836,0.638,0.24,0.398
20123,47204720,11,6,44,50,4.42,3.69,18,0.5,0.9,5,27.4,5.6,65.368318,18.54114,-0.066258328,617.8905526,1.25,0.01293296,-3.700859624,FR,47.537,4.24,8.718,12.958,0.777,0.225,0.552
19407,46764570,4,2,58,40,4.53,3.8,23.2,1,0.8,12.4,43.3,5.1,64.069295,17.246375,1.176807889,600.4090036,1.590000033,0.036613529,-3.104827731,FR,57.397,10.905,8.673,19.578,0.84,0.266,0.573
19391,46424620,19,8,59,33,4.98,4.25,22.3,0.5,1.2,5,37.2,3.6,64.54833,16.661875,0.432591644,606.7760814,1.409999967,0.11980602,-42.86297215,FR,59.52,7.379,10.761,18.14,1.153,0.319,0.834
20734,47842612,24,22,36,42,4.54,4.11,9.2,0.5,1.4,5,163.5,9.7,46.45208,16.0274,9.678144022,952.3224648,13.82999992,2.579211246,-19.78071245,CR,60.936,1.103,7.142,8.245,1.055,0.099,0.957
20793,47102574,15,39,46,15,7.36,6.96,67.9,67,5.4,11.5,117.3,37.4,46.16056,15.03466,9.237599295,1266.808815,14.11999989,10.97234572,-77.10287044,FR,78.906,15.232,41.416,56.649,6.074,1.242,4.831
20880,49142830,1,26,68,5,7.54,7.09,13.2,19,1.4,49.5,218.5,14.2,48.29367,18.00624,9.618200768,577.7068698,11.52000046,2.177447724,-57.91943235,CR,92.666,2.544,11.806,14.35,1.356,0.206,1.15
20839,49082812,5,30,63,7,7.78,7.2,21.3,67,2.3,184.8,619.2,25.2,48.13861,17.90048,10.2423404,544.468917,10.11999989,0.782863571,-1.283065997,CR,90.736,3.898,19.737,23.635,2.572,0.209,2.363
20814,48482874,1,30,61,9,6.39,5.77,14.8,2,1.5,29.8,157.6,18.6,48.74814,17.17674,9.38393939,695.5178528,12.27999973,2.541490525,-13.09529848,CR,85.507,1.026,14.288,15.314,1.539,0.059,1.479
21032,50722882,12,38,47,15,6.94,6.37,15.2,2,1.7,5,146.1,25.2,48.58226,20.21226,8.390584288,540.3831817,9.859999657,5.506813529,-46.48277355,GR,81.046,10.317,22.814,33.131,3.408,0.557,2.851
21034,51822906,5,60,37,2,6.71,5.95,17.9,1,1.5,18.4,276,43.5,48.64817,21.73475,9.429266556,626.6722286,10.46000004,0.849175344,-0.278446781,CR,100.088,2.135,24.331,26.467,3.456,0.14,3.316
22440,35343594,15,17,32,51,4.3,3.66,43.2,0.5,3.5,30.4,136.5,8.6,54.845278,-2.315278,7.015985712,1365.241864,9.130000114,3.239913174,-30.5510083,GR,36.923,15.734,25.237,40.971,3.735,1.393,2.342
22420,35023560,8,30,35,35,5.45,4.65,77.9,1,6.5,12.6,134.2,9.3,54.496944,-2.708333,7.418021881,1517.867455,9.300000191,5.106396457,-29.85526334,GR,41.376,34.656,38.662,73.318,6.578,2.948,3.63
21288,34943486,10,26,33,41,6.37,6.15,41.2,0.5,3.6,59.2,86.3,18.8,53.829722,-2.632222,8.740814376,1234.296006,12.31999969,0.393070943,-4.989000484,GR,49.659,13.308,24.512,37.819,4.374,1.332,3.042
21285,34703458,6,16,23,62,5.59,4.9,26.3,2,2.1,30,74.7,10.2,53.544722,-2.915,9.648442728,873.2377153,9.550000191,1.327715987,-4.59917055,GR,34.199,12.049,16.122,28.171,2.48,0.62,1.861
21817,35883454,8,13,15,72,6.81,6.22,31.6,0.5,2.2,43.7,217,13.9,53.683611,-1.151389,9.272882803,587.1378076,10.30000019,0.253639015,-3.130807978,CR,32.437,2.029,22.313,24.342,2.162,0.172,1.991
22423,35423508,13,20,40,40,5.77,5.31,61.5,7,3,5,25.8,14.3,54.096944,-1.968056,7.531346049,1495.49883,10.14000034,0.522207922,-7.678717309,GR,49.872,35.452,33.858,69.309,3.069,1.353,1.716
22148,35663432,39,41,37,23,6.06,5.46,85.1,1,5.5,16,104.1,20.9,53.459167,-1.4175,9.178934238,800.7348643,11.75,1.120281835,-22.8509461,GR,68.905,38.329,41.688,80.016,5.504,1.506,3.998
21771,36383402,5,15,11,74,5.1,4.74,20.3,1,1.9,27.4,197.2,9.7,53.2899,-0.28101,9.452180276,604.1353935,9.289999962,0.350675288,-3.28815339,CR,30.216,5.39,16.8,22.19,2.257,0.26,1.998
22100,36043352,30,22,43,35,6.54,6.03,27.3,1,2.2,31.8,242,14.3,52.798889,-0.682778,9.120833128,698.5437799,9.590000153,0.541666756,-30.39093825,GR,62.194,4.499,19.206,23.705,2.452,0.203,2.249
21479,37223310,4,20,23,57,5.58,5.31,43.5,0.5,3.8,92.9,779.5,18.9,52.570278,1.140278,9.63376807,639.9492876,11.55000019,0.119324764,-5.163370147,GR,42.093,9.027,30.888,39.915,4.45,0.766,3.684
21348,36643156,26,29,64,7,5.43,5.06,29.2,1,2.9,5,0,14.5,51.133611,0.583889,9.974012238,707.4697908,10.90999985,0.30047927,-12.15629833,GR,90.664,4.978,20.844,25.822,3.339,0.349,2.99
21219,34663188,5,10,15,74,5.1,4.81,28.9,1,3,47.1,60.3,10,51.154022,-2.287,9.479307648,883.2190027,9.93999958,1.075530051,-38.10358386,GR,21.055,12.024,12.035,24.059,2.929,1.32,1.61
21625,33503288,5,28,47,26,5.61,4.49,80.3,5,6.5,17.1,137.6,8.2,51.8475,-4.194198,9.620515203,1194.841791,9.18999958,1.503353162,-47.93076407,GR,49.931,35.765,44.184,79.949,7.386,3.123,4.264
21961,35523688,7,25,38,37,6.27,5.57,20.5,1,1.8,21,152.2,16.5,55.703056,-2.293889,8.217629927,707.0035652,6.059999943,0.581410447,-4.078631031,CR,64.748,1.117,14.258,15.374,2.1,0.079,2.021
21839,34483786,40,18,40,42,4.41,4.17,55.6,0.5,5,26.3,256.9,6.4,56.394722,-4.233611,7.731385005,1575.969566,7.579999924,2.927903298,-5.68E-14,GR,43.342,13.147,30.678,43.825,4.679,1.168,3.511
21524,34023682,29,19,37,45,5.31,4.73,39.6,1,3.4,14.9,77.7,10.1,55.399444,-4.614444,8.782623867,1047.011976,6.960000038,0.936143053,-12.03944913,GR,52.175,13.868,24.616,38.485,3.443,0.804,2.64
13019,31823512,2,47,48,5,6.93,6.6,112.7,20,10.2,41.3,123,38.9,53.480556,-7.346111,,,,,,GR,54.366,58.937,56.323,115.261,12.053,5.301,6.752
